Hidden State,Observed State,Lane,Suddeness,TimeStamp,Passenger Load,Average Speed,Driver Behavior,Reason for lane change,Remarks
Vehicle,Go,1st Lane,,8:34:13,Moderate (34 - 80 %),,,2 Lanes Two Way,8:34:11 AM Official Start
Vehicle,Go,2nd Lane,,8:34:35,Moderate (34 - 80 %),,,Overtake 'parked' car,2 Lanes Two Way
Vehicle,1 Lane Right,1st Lane,,8:35:06,Moderate (34 - 80 %),,,Moved to correct lane,
Passenger,Load,1st Lane,,8:35:16,Moderate (34 - 80 %),,,,
Vehicle,Go,1st Lane,,8:35:30,Moderate (34 - 80 %),,,,
Passenger,Stop,1st Lane,,8:35:55,Moderate (34 - 80 %),,,,
Vehicle,Go,1st Lane,,8:36:00,Moderate (34 - 80 %),,,,
Vehicle,1 Lane Left,2nd Lane,Sudden Acceleration,8:36:26,Moderate (34 - 80 %),,,Overtake 'parked' car,
Passenger,Load,1st Lane,,8:36:53,Full (81 - 100%),,,,
Vehicle,Go,1st Lane,,8:37:10,Full (81 - 100%),,,,
Vehicle,1 Lane Left,2nd Lane,Sudden Acceleration,8:37:40,Full (81 - 100%),,,Overtake 'idle' car,
Passenger,Unload,1st Lane,,8:38:19,Full (81 - 100%),,,,
Vehicle,Go,1st Lane,,8:38:30,Full (81 - 100%),,,,
Stoplight,Stop,1st Lane,,8:40:00,Low (0 - 33 %),,,,Stop light
Passenger,Wait,1st Lane,,8:40:48,Low (0 - 33 %),,,Waiting for Passenger,
Vehicle,Go,1st Lane,,8:42:53,Low (0 - 33 %),,,,
Vehicle,1 Lane Left,2nd Lane,,8:42:54,Low (0 - 33 %),,,,
Vehicle,2 Lane Left,3rd Lane,Sudden Acceleration,8:43:00,Low (0 - 33 %),,,Construction in 1st Lane (To the right most),
Vehicle,Stop,3rd Lane,,8:43:22,Low (0 - 33 %),,,,
Vehicle,Go,3rd Lane,,8:42:26,Low (0 - 33 %),,,,
Vehicle,Stop,3rd Lane,,8:43:39,Low (0 - 33 %),,,Vehicles in 2nd lane u turn,
Vehicle,Go,3rd Lane,,8:43:44,Low (0 - 33 %),,,,
Vehicle,Stop,3rd Lane,,8:43:56,Low (0 - 33 %),,,Vehicles in other side turning right to current side,
Vehicle,Go,3rd Lane,,8:44:03,Low (0 - 33 %),,,,
Vehicle,Stop,3rd Lane,,8:44:19,Low (0 - 33 %),,,,
Vehicle,Go,3rd Lane,,8:45:34,Low (0 - 33 %),,,,
Vehicle,1 Lane Right,1st Lane,,8:46:13,Low (0 - 33 %),,,,
Stoplight,Stop,1st Lane,,8:46:26,Low (0 - 33 %),,,Stopping often due to right most lane turning right,
Vehicle,Go,1st Lane,,8:48:00,Low (0 - 33 %),,,,
Vehicle,1 Lane Left,2nd Lane,Sudden Acceleration,8:48:16,Low (0 - 33 %),,,Vehicles in Right most lane for turning right,
Vehicle,Stop,1st Lane,Sudden Break,8:48:19,Low (0 - 33 %),,,Senior citizen pedestrian ,
Passenger,Load,1st Lane,,8:48:20,Moderate (34 - 80 %),,,,
Vehicle,Go,1st Lane,,8:48:33,Moderate (34 - 80 %),,,,Inner left lane for bikes and vendors
Vehicle,Stop,1st Lane,,8:48:58,Moderate (34 - 80 %),,,,
Vehicle,Go,1st Lane,,8:49:02,Moderate (34 - 80 %),,,,
Passenger,Load,1st Lane,,8:49:10,Full (81 - 100%),,,,
Vehicle,Go,1st Lane,,8:49:18,Full (81 - 100%),,,,
Vehicle,1 Lane Left,2nd Lane,,8:49:21,Full (81 - 100%),,,,
Passenger,Load,1st Lane,,8:49:29,Full (81 - 100%),,,,
Vehicle,Go,1st Lane,,8:49:35,Full (81 - 100%),,,,
Passenger,Load,1st Lane,,8:49:48,Full (81 - 100%),,,,
Vehicle,Go,1st Lane,,8:49:56,Full (81 - 100%),,,,
Vehicle,1 Lane Left,2nd Lane,,8:50:02,Full (81 - 100%),,,Vehicle parked in 1st lane (Police car) near the police station,
Vehicle,1 Lane Right,1st Lane,Sudden Acceleration,8:50:10,Full (81 - 100%),,Saw Passengers ,,
Passenger,Load,1st Lane,,8:50:20,Full (81 - 100%),,,,
Vehicle,Go,1st Lane,,8:50:29,Full (81 - 100%),,,,
Vehicle,Stop,1st Lane,,8:50:34,Full (81 - 100%),,Stop due to jaywalking (2 people),,
Vehicle,Go,1st Lane,,8:50:39,Full (81 - 100%),,,,
Passenger,Load,1st Lane,,8:50:44,Full (81 - 100%),,,,
Vehicle,Go,1st Lane,,8:50:53,Full (81 - 100%),,,,
Vehicle,1 Lane Left,2nd Lane,,8:51:04,Full (81 - 100%),,,Vendors in 1st lane (inner lane),
Vehicle,1 Lane Right,1st Lane,,8:51:22,Full (81 - 100%),,,,
Passenger,Load,1st Lane,,8:51:30,Full (81 - 100%),,,,
Vehicle,Go,1st Lane,,8:51:46,Full (81 - 100%),,,,
Vehicle,1 Lane Left,2nd Lane,Sudden Acceleration,8:51:50,Full (81 - 100%),,,Incoming moving motor in 1st lane or right lane must turn right (++ Stoplight),
Stoplight,Stop,2nd Lane,,8:52:00,Full (81 - 100%),,,,Stop light
Vehicle,Go,3rd Lane,Sudden Acceleration,8:53:27,Full (81 - 100%),,,"Turning Left, overtake to other side to turn left faster",
Passenger,Unload,1st Lane,,8:53:44,Full (81 - 100%),,,,
Vehicle,Go,1st Lane,Sudden Acceleration,8:54:00,Full (81 - 100%),,,No traffic,
Passenger,Unload,1st Lane,,8:54:28,Full (81 - 100%),,,,
Vehicle,Go,1st Lane,Sudden Acceleration,8:54:35,Full (81 - 100%),,,,
Vehicle,1 Lane Left,2nd Lane,,8:54:50,Full (81 - 100%),,,Modern Jeepney in 1st lane loading/unloading,
Vehicle,1 Lane Right,1st Lane,,8:54:55,Full (81 - 100%),,,,
Vehicle,1 Lane Left,2nd Lane,,8:55:09,Full (81 - 100%),,,Truck overtaking to 1st lane/right lane,
Vehicle,1 Lane Right,1st Lane,Sudden Acceleration,8:55:24,Full (81 - 100%),,,,
Vehicle,1 Lane Left,2nd Lane,Sudden Break,8:56:01,Full (81 - 100%),,,Trees on road,
Passenger,Unload,1st Lane,,8:57:15,Full (81 - 100%),,,,
Vehicle,Go,1st Lane,,8:57:23,Full (81 - 100%),,,,
Vehicle,Stop,1st Lane,,8:57:50,Full (81 - 100%),,,,Traffic
Vehicle,2 Lane Left,3rd Lane,Sudden Acceleration,8:58:18,Full (81 - 100%),,,,
Vehicle,Stop,3rd Lane,,8:58:38,Full (81 - 100%),,Talking to vendor,,
Vehicle,Go,3rd Lane,,8:58:42,Full (81 - 100%),,,,
Vehicle,Stop,3rd Lane,,8:59:04,Full (81 - 100%),,Talking to vendor,,
Stoplight,Stop,3rd Lane,,8:59:19,Full (81 - 100%),,,,
Vehicle,Go,1st Lane,,9:00:12,Full (81 - 100%),,,,
Passenger,Load,1st Lane,,9:00:19,Full (81 - 100%),,,,
Vehicle,1 Lane Left,2nd Lane,,9:00:32,Full (81 - 100%),,,,
Vehicle,1 Lane Right,1st Lane,,9:00:41,Full (81 - 100%),,,,
Passenger,Load,1st Lane,,9:00:44,Full (81 - 100%),,,,
Vehicle,Go,1st Lane,Sudden Acceleration,9:00:50,Full (81 - 100%),,,,
Passenger,Unload,1st Lane,,9:01:21,Full (81 - 100%),,,,
Vehicle,Go,1st Lane,,9:01:30,Full (81 - 100%),,,,
Vehicle,Unload,1st Lane,,9:01:52,Full (81 - 100%),,,,
Vehicle,Go,1st Lane,,9:01:59,Full (81 - 100%),,,,
Vehicle,1 Lane Left,2nd Lane,,9:02:12,Full (81 - 100%),,,Jeepney vehicles in inner lane loading/unloading,
Passenger,Unload,2nd Lane,,9:02:21,Full (81 - 100%),,,,
Vehicle,Go,1st Lane,,9:02:27,Full (81 - 100%),,,,
Vehicle,Stop,1st Lane,,9:02:48,Full (81 - 100%),,,,
Vehicle,Go,1st Lane,,9:03:03,Full (81 - 100%),,,,
Vehicle,Load,1st Lane,,9:03:18,Full (81 - 100%),,,,
Vehicle,Stop,1st Lane,,9:03:22,Full (81 - 100%),,,,
Vehicle,Go,1st Lane,,9:03:29,Full (81 - 100%),,,,
Vehicle,Go,1st Lane,Sudden Acceleration,9:03:53,Full (81 - 100%),,,,
Passenger,Wait,1st Lane,,9:04:12,Full (81 - 100%),,,,
Vehicle,Go,1st Lane,,9:04:23,Full (81 - 100%),,,,
Vehicle,1 Lane Left,2nd Lane,,9:04:40,Full (81 - 100%),,,Tricyles and trucks parked or idle in inner lane,
Vehicle,1 Lane Left,1st Lane,,9:05:21,Full (81 - 100%),,,,
Vehicle,1 Lane Right,1st Lane,,9:05:25,Full (81 - 100%),,,Construction in 2nd lane,
Vehicle,1 Lane Left,1st Lane,,9:05:39,Full (81 - 100%),,,Merging 1st lane to 2nd lane,
Vehicle,Stop,1st Lane,,9:06:27,Full (81 - 100%),,,,
Vehicle,Go,1st Lane,,9:06:33,Full (81 - 100%),,,Traffic,
Passenger,Unload,1st Lane,,9:06:48,Moderate (34 - 80 %),,,,
Stoplight,Stop,1st Lane,,9:06:49,Moderate (34 - 80 %),,,,
Vehicle,Go,1st Lane,,9:07:47,Moderate (34 - 80 %),,,,
Vehicle,2 Lane Left,3rd Lane,,9:07:55,Moderate (34 - 80 %),,,,
Vehicle,1 Lane Left,4th Lane,,9:08:15,Moderate (34 - 80 %),,,,
Vehicle,1 Lane Right,3rd Lane,,9:08:45,Moderate (34 - 80 %),,,,
Passenger,Unload,1st Lane,,9:08:59,Moderate (34 - 80 %),,,2 lanes up overpass,
Vehicle,Go,1st Lane,Sudden Acceleration,9:09:02,Moderate (34 - 80 %),,,No traffic ahead,50km/h highest
Vehicle,Stop,1st Lane,,9:10:00,Moderate (34 - 80 %),,,,
Passenger,Load,1st Lane,,9:10:05,Full (81 - 100%),,,,
Vehicle,Go,1st Lane,,9:10:10,Full (81 - 100%),,,,
Vehicle,Stop,1st Lane,,9:10:29,Full (81 - 100%),,,,
Vehicle,Go,1st Lane,,9:10:36,Full (81 - 100%),,,,
Vehicle,Stop,1st Lane,,9:10:44,Full (81 - 100%),,,,
Vehicle,Go,1st Lane,,9:11:03,Full (81 - 100%),,,,
Passenger,Load,1st Lane,,9:11:14,Full (81 - 100%),,,,
Vehicle,Go,1st Lane,,9:11:22,Full (81 - 100%),,,,
Passenger,Load,1st Lane,,9:11:37,Full (81 - 100%),,,,
Vehicle,Go,1st Lane,,9:11:41,Full (81 - 100%),,,,
Vehicle,Stop,1st Lane,,9:12:40,Full (81 - 100%),,,,
Vehicle,Go,1st Lane,,9:12:55,Full (81 - 100%),,Slow due to pedestrian jaywalking,,
Vehicle,Go,1st Lane,,9:12:56,Full (81 - 100%),,,,
Vehicle,Stop,1st Lane,,9:13:00,Full (81 - 100%),,,,
Vehicle,Go,1st Lane,,9:13:15,Full (81 - 100%),,,,
Vehicle,Stop,1st Lane,,9:13:22,Full (81 - 100%),,,Incoming car overtaking from left side (seaoil),
Vehicle,Go,1st Lane,,9:13:29,Full (81 - 100%),,,,
Passenger,Unload,1st Lane,,9:13:41,Moderate (34 - 80 %),,,,
Vehicle,Go,1st Lane,,9:13:47,Moderate (34 - 80 %),,,,
Stoplight,Stop,1st Lane,,9:14:06,Moderate (34 - 80 %),,,,
Vehicle,Go,1st Lane,,9:14:42,Moderate (34 - 80 %),,,,
Vehicle,1 Lane Left,2nd Lane,,9:15:30,Moderate (34 - 80 %),,,,
Stoplight,Stop,2nd Lane,,9:15:35,Moderate (34 - 80 %),,,1st lane must turn right,
Vehicle,Go,2nd Lane,,9:16:24,Moderate (34 - 80 %),,,,
Vehicle,1 Lane Right,1st Lane,Sudden Acceleration,9:16:43,Moderate (34 - 80 %),,,Overtake E-bike in 1st lane,
Vehicle,Stop,1st Lane,,9:16:58,Moderate (34 - 80 %),,,Unloading uv express in front,
Vehicle,Go,1st Lane,,9:17:05,Moderate (34 - 80 %),,,,
Passenger,Unload,1st Lane,,9:17:34,Low (0 - 33 %),,,,
Vehicle,Go,2nd Lane,Sudden Acceleration,9:17:48,Low (0 - 33 %),,,,
Vehicle,Stop,1st Lane,,9:18:12,Low (0 - 33 %),,,Car infront turning left,
Vehicle,Go,1st Lane,,9:18:22,Low (0 - 33 %),,,,
Vehicle,Stop,1st Lane,,9:19:27,Low (0 - 33 %),,,,End (IN QUIAPO)
Vehicle,Go,1st Lane,,9:21:59,Low (0 - 33 %),,,,
Vehicle,1 Lane Left,2nd Lane,,9:22:11,Low (0 - 33 %),,,Tricycles + Motors Parked in 1st Lane,
Vehicle,1 Lane Right,1st Lane,,9:22:14,Low (0 - 33 %),,,Construction/Obstruction in 2nd lane,
Stoplight,Go,1st Lane,Sudden Acceleration,9:22:56,Low (0 - 33 %),,,,
Passenger,Unload,1st Lane,,9:23:10,Low (0 - 33 %),,,,
Vehicle,Go,1st Lane,Sudden Acceleration,9:23:17,Low (0 - 33 %),,,No traffic,
Passenger,Unload,1st Lane,,9:24:06,Low (0 - 33 %),,,,
Vehicle,1 Lane Left,2nd Lane,,9:24:11,Low (0 - 33 %),,,Right Lane must turn right,
Stoplight,Stop,2nd Lane,,9:24:20,Low (0 - 33 %),,,,
Vehicle,Go,2nd Lane,,9:25:01,Low (0 - 33 %),,,,
Vehicle,1 Lane Left,3rd Lane,,9:25:06,Low (0 - 33 %),,,,
Vehicle,1 Lane Right,1st Lane,,9:25:14,Low (0 - 33 %),,,Merging Lane 3 and 2,
Vehicle,Stop,1st Lane,,9:25:43,Low (0 - 33 %),,,,
Vehicle,Go,1st Lane,,9:25:50,Low (0 - 33 %),,,,
Vehicle,Stop,1st Lane,,9:45:48,Low (0 - 33 %),,,,
Vehicle,Go,1st Lane,,9:26:39,Low (0 - 33 %),,,,
Vehicle,1 Lane Left,2nd Lane,Sudden Acceleration,9:27:00,Low (0 - 33 %),33km/h,,Jeepney in Lane 1 looking for passengers (usually stopping),
Vehicle,1 Lane Right,1st Lane,,9:27:15,Low (0 - 33 %),,,Merging Lane 2 and 3,
Vehicle,1 Lane Left,2nd Lane,,9:27:32,Low (0 - 33 %),,,Modern Jeepney Unloading in Lane 1,
Vehicle,1 Lane Right,1st Lane,,9:27:37,Low (0 - 33 %),,,,
Vehicle,1 Lane Left,2nd Lane,,9:27:43,Low (0 - 33 %),,,Jeepney in Lane 1 Unloading,
Vehicle,1 Lane Right,1st Lane,Sudden Acceleration,9:28:18,Low (0 - 33 %),47 max,,,
Vehicle,1 Lane Left,2nd Lane,,9:28:36,Low (0 - 33 %),,,Ebike in outer lane 1,
Vehicle,1 Lane Right,1st Lane,,9:28:44,Low (0 - 33 %),52,,,On a downhill
Vehicle,1 Lane Left,2nd Lane,,9:28:56,Low (0 - 33 %),,,,
Vehicle,1 Lane Right,2nd Lane,,9:28:59,Low (0 - 33 %),,,,From 2 lanes to 3 lanes
Vehicle,2 Lane Right,1st Lane,,9:30:00,Low (0 - 33 %), ,,"Construction in 1st lane, going back to 1st lane",
Vehicle,1 Lane Left,3rd Lane,,9:30:22,Low (0 - 33 %),,,Construction in 4th lane,
Vehicle,1 Lane Right,2nd Lane,,9:30:33,Low (0 - 33 %),,,Turning right (has barriers on the left),
Passenger,Load,2nd Lane,,9:30:40,Low (0 - 33 %),,,,
Vehicle,Go,2nd Lane,Sudden Acceleration,9:30:58,Low (0 - 33 %),37,,,
Vehicle,1 Lane Right,1st Lane,,9:31:00,Low (0 - 33 %),,,Turning right,
Passenger,Load,1st Lane,,9:31:22,Low (0 - 33 %),,,,
Vehicle,Go,1st Lane,,9:31:30,Low (0 - 33 %),,,,
Vehicle,1 Lane Left,2nd Lane,,9:31:55,Low (0 - 33 %),,,Jeepney in Lane 1 Unloading/Loading,
Vehicle,1 Lane Right,1st Lane,,9:31:00,Low (0 - 33 %),,,Incoming jeepney ,
Vehicle,1 Lane Left,2nd Lane,,9:32:13,Low (0 - 33 %),,,,
Vehicle,1 Lane Right,1st Lane,Sudden Acceleration,9:32:42,Low (0 - 33 %),,,Slow lane due to Incoming vehicle from the left,
Vehicle,Go,1st Lane,Sudden Acceleration,9:32:51,Low (0 - 33 %),,,,
Vehicle,1 Lane Left,2nd Lane,,9:32:56,Low (0 - 33 %),,,Jeepney in Lane 1 Loading,
Vehicle,1 Lane Right,1st Lane,Sudden Acceleration,9:33:11,Low (0 - 33 %),36,,No traffic in lane 1,
Vehicle,1 Lane Left,2nd Lane,,9:33:24,Low (0 - 33 %),,,Turning left,
Vehicle,2 Lane Right,1st Lane,,9:33:30,Low (0 - 33 %),,,Merging into 3 lanes coming from the right most lane,
Vehicle,Stop,1st Lane,,9:34:00,Low (0 - 33 %),,,Traffic turning right,
Vehicle,Go,1st Lane,,9:34:03,Low (0 - 33 %),,,,
Vehicle,Unload,1st Lane,,9:34:19,Low (0 - 33 %),,,,
Vehicle,Go,1st Lane,,9:34:28,Low (0 - 33 %),,,,
Vehicle,1 Lane Left,2nd Lane,,9:34:51,Low (0 - 33 %),,,Right lane has trees by the sidewalk towards the road,
Vehicle,1 Lane Right,1st Lane,,9:36:17,Low (0 - 33 %),,,,
Vehicle,Stop,1st Lane,,9:37:04,Low (0 - 33 %),,,,
Vehicle,Go,1st Lane,,9:37:06,Low (0 - 33 %),,,,
Vehicle,Stop,1st Lane,,9:37:55,Low (0 - 33 %),,,Incoming vehicles from the right (Intersection),
Vehicle,Go,1st Lane,,3:39:04,Low (0 - 33 %),,,,
Stoplight,Stop,1st Lane,,9:39:30,Low (0 - 33 %),,,,
Vehicle,Go,1st Lane,,9:39:57,Low (0 - 33 %),,,,
Stoplight,Stop,1st Lane,,9:40:29,Low (0 - 33 %),,,,
Vehicle,Go,1st Lane,,9:43:04,Low (0 - 33 %),,,,
Passenger,Load,1st Lane,,9:43:17,Low (0 - 33 %),,,,
Vehicle,Go,1st Lane,Sudden Acceleration,9:43:21,Low (0 - 33 %),23,,,
Passenger,Load,1st Lane,,9:42:30,Low (0 - 33 %),,,,
Vehicle,Go,1st Lane,,9:43:39,Low (0 - 33 %),,,,
Vehicle,1 Lane Left,2nd Lane,,9:43:40,Low (0 - 33 %),,,"Bike Lane + Latter part, vehicles are  parked since its nearby a marketplace",
Passenger,Load,2nd Lane,,9:44:56,Moderate (34 - 80 %),,,,
Vehicle,Go,2nd Lane,,9:45:03,Moderate (34 - 80 %),,,,
Vehicle,1 Lane Right,1st Lane,,9:45:17,Moderate (34 - 80 %),,,Bike Tricycle in 2nd lane,
Stoplight,Stop,1st Lane,,9:45:24,Moderate (34 - 80 %),,,,
Vehicle,Go,1st Lane,,9:47:00,Moderate (34 - 80 %),,,,
Passenger,Load,1st Lane,,9:47:19,Moderate (34 - 80 %),,,,
Vehicle,Go,1st Lane,,9:47:27,Moderate (34 - 80 %),,,,
Passenger,Unload,1st Lane,,9:47:43,Low (0 - 33 %),,,,
Vehicle,Go,1st Lane,,9:47:46,Low (0 - 33 %),,,,
Vehicle,2 Lane Left,3rd Lane,,9:48:13,Low (0 - 33 %),,,Jeepney in front unloading (1st lane) + Jeepney in front loading/unloading (lane 2),
Vehicle,1 Lane Right,2nd Lane,,9:48:24,Low (0 - 33 %),,,Private Vehicle in front is slow,
Vehicle,Stop,2nd Lane,,9:48:35,Low (0 - 33 %),,,,
Vehicle,Go,2nd Lane,,9:48:51,Low (0 - 33 %),,,,traffic
Stoplight,Stop,2nd Lane,,9:48:52,Low (0 - 33 %),,,,
Vehicle,Go,2nd Lane,,9:50:02,Low (0 - 33 %),,,,
Vehicle,1 Lane Right,1st Lane,,9:50:11,Low (0 - 33 %),,,About to Turn Right,
Passenger,Load,1st Lane,,9:50:29,Moderate (34 - 80 %),,,,
Vehicle,Go,1st Lane,,9:50:34,Moderate (34 - 80 %),,,,
Vehicle,1 Lane Left,2nd Lane,,9:50:45,Moderate (34 - 80 %),,,Parked/Idle Car in lane 1,
Vehicle,1 Lane Right,1st Lane,,9:50:51,Moderate (34 - 80 %),,,,
Vehicle,1 Lane Left,2nd Lane,,9:51:43,Moderate (34 - 80 %),,,Tric-Bicycle in front is slow,
Vehicle,1 Lane Right,1st Lane,,9:51:48,Moderate (34 - 80 %),,,,
Passenger,Unload,1st Lane,,9:52:49,Moderate (34 - 80 %),,,,
Vehicle,Go,1st Lane,,9:52:51,Moderate (34 - 80 %),,,,
Passenger,Unload,1st Lane,,9:54:54,Moderate (34 - 80 %),,,,
Vehicle,Go,1st Lane,,9:54:59,Moderate (34 - 80 %),,,,
Passenger,Unload,1st Lane,,9:55:06,Low (0 - 33 %),,,,
Vehicle,Go,1st Lane,,9:55:10,Low (0 - 33 %),,,,
Passenger,Unload,1st Lane,,9:55:42,Low (0 - 33 %),,,,
Vehicle,Go,1st Lane,,9:55:53,Low (0 - 33 %),,,,
Passenger,Unload,1st Lane,,9:56:30,Low (0 - 33 %),,,,
Vehicle,Go,1st Lane,,9:56:35,Low (0 - 33 %),,,,
Vehicle,Stop,1st Lane,,9:56:40,Low (0 - 33 %),,,Traffic,
Vehicle,Go,1st Lane,,9:57:40,Low (0 - 33 %),,,,
Vehicle,Stop,1st Lane,,9:58:05,Low (0 - 33 %),,,,
Vehicle,Go,1st Lane,,9:58:58,Low (0 - 33 %),,,,
Vehicle,Stop,1st Lane,,9:59:12,Low (0 - 33 %),,,,
Vehicle,Go,1st Lane,,10:00:06,Low (0 - 33 %),,,,
Vehicle,Stop,1st Lane,,10:00:33,Low (0 - 33 %),,,,
Vehicle,Go,1st Lane,,10:01:24,Low (0 - 33 %),,,,
Vehicle,Stop,1st Lane,,10:02:44,Low (0 - 33 %),,,,
Vehicle,Go,1st Lane,,10:03:54,Low (0 - 33 %),,,,
Vehicle,Stop,1st Lane,,10:04:08,Low (0 - 33 %),,,,
Vehicle,Go,1st Lane,,10:04:44,Low (0 - 33 %),,,,
Vehicle,Stop,1st Lane,,10:05:06,Low (0 - 33 %),,,,
Vehicle,Go,1st Lane,,10:05:56,Low (0 - 33 %),,,,End
Vehicle,Wait,1st Lane,,9:25:38,Low (0 - 33 %),,,,
Vehicle,Go,1st Lane,,9:26:51,Low (0 - 33 %),,,,
Passenger,Load,1st Lane,,9:27:15,Low (0 - 33 %),,,,
Vehicle,Go,1st Lane,,9:27:21,Low (0 - 33 %),,,,
Vehicle,1 Lane Left,2nd Lane,,9:28:23,Low (0 - 33 %),,,Parked Car in 1st Lane,
Vehicle,1 Lane Right,1st Lane,,9:28:48,Low (0 - 33 %),,,,
Stoplight,Stop,1st Lane,,9:29:51,Low (0 - 33 %),,,,
Vehicle,Go,1st Lane,,9:30:32,Low (0 - 33 %),,,,
Vehicle,Go,1st Lane,Sudden Acceleration,9:30:59,Low (0 - 33 %),,,No traffic,
Passenger,Load,1st Lane,,9:31:26,Moderate (34 - 80 %),,,,
Vehicle,Go,1st Lane,,9:31:53,Moderate (34 - 80 %),,,,
Passenger,Load,1st Lane,,9:32:25,Moderate (34 - 80 %),,,,
Vehicle,Go,1st Lane,,9:33:06,Moderate (34 - 80 %),,,,
Vehicle,1 Lane Left,2nd Lane,Sudden Acceleration,9:34:21,Moderate (34 - 80 %),,,Slow Tricycle in bike lane,
Vehicle,1 Lane Right,1st Lane,,9:34:23,Moderate (34 - 80 %),,,,
Vehicle,1 Lane Left,2nd Lane,,9:35:03,Moderate (34 - 80 %),,,Taxi loading unloading in lane 1,
Vehicle,1 Lane Right,1st Lane,,9:35:05,Moderate (34 - 80 %),,,,
Vehicle,Go,1st Lane,Sudden Acceleration,9:35:36,Moderate (34 - 80 %),44.0,,No Traffic,
Vehicle,1 Lane Right,1st Lane,,9:36:26,Moderate (34 - 80 %),,,Merging 2 lanes to 3 lanes,
Stoplight,Stop,1st Lane,,9:37:06,Moderate (34 - 80 %),,,,
Vehicle,Go,1st Lane,,9:37:56,Moderate (34 - 80 %),,,,
Vehicle,1 Lane Right,1st Lane,,9:38:18,Moderate (34 - 80 %),,,Moving to bike lane for loading,
Passenger,Load,1st Lane,,9:38:42,Moderate (34 - 80 %),,,,
Vehicle,Go,1st Lane,,9:39:22,Moderate (34 - 80 %),,,,
Vehicle,1 Lane Left,2nd Lane,,9:39:25,Moderate (34 - 80 %),,,,
Vehicle,1 Lane Left,3rd Lane,,9:39:50,Moderate (34 - 80 %),,,Construction in lane1,
Vehicle,1 Lane Right,2nd Lane,,9:39:56,Moderate (34 - 80 %),,,,
Vehicle,1 Lane Left,3rd Lane,,9:40:23,Moderate (34 - 80 %),,,,CUT?
Passenger,Load,2nd Lane,,9:44:16,Moderate (34 - 80 %),,,,
Vehicle,1 Lane Right,1st Lane,,9:44:38,Moderate (34 - 80 %),,,Coming from 2 lanes to 3 lanes,
Passenger,Unload,2nd Lane,,9:44:39,Moderate (34 - 80 %),,,,
Vehicle,Go,2nd Lane,,9:44:44,Moderate (34 - 80 %),,,,
Vehicle,1 Lane Right,1st Lane,,9:45:01,Moderate (34 - 80 %),,,,
Passenger,Unload,1st Lane,,9:45:38,Low (0 - 33 %),,,,
Vehicle,Go,1st Lane,,9:45:15,Low (0 - 33 %),,,,
Passenger,Unload,1st Lane,,9:46:02,Low (0 - 33 %),,,,
Vehicle,Go,1st Lane,Sudden Acceleration,9:47:01,Low (0 - 33 %),28.0,,,
Passenger,Load,1st Lane,,9:47:25,Moderate (34 - 80 %),,,,
Vehicle,Go,1st Lane,,9:47:33,Moderate (34 - 80 %),,,,
Vehicle,1 Lane Left,2nd Lane,,9:47:42,Moderate (34 - 80 %),,,Idle Car in Lane 1,
Vehicle,1 Lane Right,1st Lane,,9:47:51,Moderate (34 - 80 %),,,,
Passenger,Unload,1st Lane,,9:47:59,Moderate (34 - 80 %),,,,
Vehicle,Go,1st Lane,,9:48:03,Moderate (34 - 80 %),,,,
Passenger,Unload,1st Lane,,9:48:37,Moderate (34 - 80 %),,,,
Vehicle,Go,1st Lane,,9:48:44,Moderate (34 - 80 %),,,,
Vehicle,Stop,1st Lane,,9:48:58,Moderate (34 - 80 %),,,,
Vehicle,Go,1st Lane,,9:49:02,Moderate (34 - 80 %),,,,
Vehicle,Stop,1st Lane,,9:49:15,Moderate (34 - 80 %),,,,
Vehicle,Go,1st Lane,,9:49:18,Moderate (34 - 80 %),,,,
Vehicle,Stop,1st Lane,,9:49:25,Moderate (34 - 80 %),,,,
Vehicle,Go,1st Lane,,9:49:30,Moderate (34 - 80 %),,,,
Vehicle,Stop,1st Lane,,9:50:01,Moderate (34 - 80 %),,,Stopped for Gas,
Vehicle,Go,1st Lane,,9:54:44,Moderate (34 - 80 %),,,,
Stoplight,Stop,1st Lane,,9:55:49,Moderate (34 - 80 %),,,,
Vehicle,Go,1st Lane,,9:56:39,Moderate (34 - 80 %),,,,
Vehicle,1 Lane Left,2nd Lane,,9:57:07,Moderate (34 - 80 %),,,Car Parked/Idle in lane 1,
Vehicle,1 Lane Right,1st Lane,,9:57:18,Moderate (34 - 80 %),,,,
Vehicle,1 Lane Left,2nd Lane,,9:57:25,Moderate (34 - 80 %),,,,
Vehicle,1 Lane Right,1st Lane,,9:57:31,Moderate (34 - 80 %),,,,
Passenger,Unload,1st Lane,,9:57:37,Moderate (34 - 80 %),,,,
Vehicle,1 Lane Left,2nd Lane,,9:58:00,Moderate (34 - 80 %),,,,
Passenger,Load,1st Lane,,9:58:16,Moderate (34 - 80 %),,,,
Vehicle,Go,1st Lane,,9:58:27,Moderate (34 - 80 %),,,,
Vehicle,1 Lane Left,1st Lane,,9:58:42,Moderate (34 - 80 %),,,Pedestrians in lane 1,
Vehicle,1 Lane Right,1st Lane,,9:58:46,Moderate (34 - 80 %),,,,
Vehicle,1 Lane Left,2nd Lane,,9:59:12,Moderate (34 - 80 %),,, ,
Passenger,Unload,2nd Lane,,9:59:48,Moderate (34 - 80 %),,,Car parked/idle in lane 1,
Vehicle,Go,2nd Lane,,9:59:57,Moderate (34 - 80 %),,,,
Vehicle,1 Lane Right,1st Lane,,10:00:09,Moderate (34 - 80 %),,,Less cars in lane 1,
Stoplight,Stop,1st Lane,,10:00:20,Moderate (34 - 80 %),,,,
Vehicle,Go,1st Lane,,10:02:10,Moderate (34 - 80 %),,,,
Passenger,Unload,1st Lane,,10:02:35,Moderate (34 - 80 %),,,,
Vehicle,Go,1st Lane,,10:02:40,Moderate (34 - 80 %),,,,
Vehicle,1 Lane Left,2nd Lane,,10:03:31,Moderate (34 - 80 %),,,Motorcycles in lane 1,
Vehicle,1 Lane Right,1st Lane,,10:03:35,Moderate (34 - 80 %),,,,
Stoplight,Stop,1st Lane,,10:04:00,Moderate (34 - 80 %),,,,
Vehicle,Go,1st Lane,,10:04:36,Moderate (34 - 80 %),,,,
Vehicle,1 Lane Left,2nd Lane,,10:05:18,Moderate (34 - 80 %),,,Car idle in lane 1,
Vehicle,1 Lane Right,1st Lane,,10:05:21,Moderate (34 - 80 %),,,,
Passenger,Load,1st Lane,,10:05:55,Moderate (34 - 80 %),,,,
Vehicle,Go,1st Lane,,10:06:07,Moderate (34 - 80 %),,,,
Passenger,Unload,1st Lane,,10:07:14,Moderate (34 - 80 %),,,,
Vehicle,Go,1st Lane,,10:07:20,Moderate (34 - 80 %),,,,
Passenger,Unload,1st Lane,,10:08:23,Moderate (34 - 80 %),,,,
Vehicle,Go,1st Lane,,10:08:31,Low (0 - 33 %),,,,
Passenger,Unload,1st Lane,,10:08:59,Low (0 - 33 %),,,,
Vehicle,Go,1st Lane,,10:09:04,Low (0 - 33 %),,,,
Vehicle,Stop,1st Lane,,10:11:15,Low (0 - 33 %),,,Traffic,
Vehicle,Stop,1st Lane,,10:13:33,Low (0 - 33 %),,,end of jeep,
Vehicle,Go,1st Lane,,10:25:39,Low (0 - 33 %),,slow due to looking for passengers,Start of jeep from pt a to b,
Passenger,Load,1st Lane,,10:27:14,Moderate (34 - 80 %),,,,
Vehicle,Go,1st Lane,,10:27:22,Moderate (34 - 80 %),,,,
Passenger,Load,1st Lane,,10:27:52,Moderate (34 - 80 %),,,,
Vehicle,Go,1st Lane,,10:28:01,Moderate (34 - 80 %),,,,
Passenger,Load,1st Lane,,10:28:48,Moderate (34 - 80 %),,,,
Vehicle,Go,1st Lane,,10:28:56,Moderate (34 - 80 %),,,,
Vehicle,Go,2nd Lane,,10:42:34,Low (0 - 33 %),,,,Start again from cut
Vehicle,1 Lane Right,1st Lane,,10:42:41,Low (0 - 33 %),,,,
Passenger,Load,1st Lane,,10:42:43,Low (0 - 33 %),,,,
Vehicle,Go,1st Lane,,10:43:00,Low (0 - 33 %),,,,
Vehicle,1 Lane Left,2nd Lane,,10:43:12,Low (0 - 33 %),,,,
Stoplight,Stop,2nd Lane,,10:43:26,Low (0 - 33 %),,,,
Vehicle,Go,3rd Lane,,10:45:32,Low (0 - 33 %),,,Turning left,
Passenger,Unload,1st Lane,,10:45:50,Low (0 - 33 %),,,,
Vehicle,Go,1st Lane,,10:45:54,Moderate (34 - 80 %),,,,
Vehicle,1 Lane Left,2nd Lane,,10:46:21,Moderate (34 - 80 %),,,Idle Truck in lane 1 ,
Vehicle,1 Lane Right,1st Lane,,10:46:35,Moderate (34 - 80 %),,,,
Vehicle,1 Lane Left,2nd Lane,,10:46:42,Moderate (34 - 80 %),,,Slow Tricycle and idle car in lane 1,
Vehicle,1 Lane Right,1st Lane,,10:47:47,Moderate (34 - 80 %),,,,
Vehicle,Stop,1st Lane,,10:48:34,Moderate (34 - 80 %),,,,
Vehicle,Go,1st Lane,,10:49:22,Moderate (34 - 80 %),,,,
Vehicle,Stop,1st Lane,,10:50:24,Moderate (34 - 80 %),,,,
Vehicle,Go,1st Lane,,10:50:45,Moderate (34 - 80 %),,,,
Vehicle,Stop,1st Lane,,10:52:04,Moderate (34 - 80 %),,,,
Vehicle,Go,1st Lane,,10:52:12,Moderate (34 - 80 %),,,,
Vehicle,Stop,1st Lane,,10:52:54,Moderate (34 - 80 %),,,,
Vehicle,Go,1st Lane,,10:52:55,Moderate (34 - 80 %),,,,
Vehicle,Stop,1st Lane,,10:53:34,Moderate (34 - 80 %),,,,
Vehicle,Go,1st Lane,,10:53:36,Moderate (34 - 80 %),,,Traffic,
Vehicle,Stop,1st Lane,,10:53:47,Moderate (34 - 80 %),,,Jeepney in front loading,
Vehicle,Go,1st Lane,,10:54:01,Moderate (34 - 80 %),,,,
Passenger,Load,1st Lane,,10:54:04,Moderate (34 - 80 %),,,,
Vehicle,Go,1st Lane,,10:04:16,Moderate (34 - 80 %),,,CUT ,
Passenger,Unload,2nd Lane,,10:57:58,Moderate (34 - 80 %),,,Loading jeepney in lane 1,
Vehicle,Go,2nd Lane,,10:58:05,Moderate (34 - 80 %),,,,
Vehicle,Stop,2nd Lane,,10:58:41,Moderate (34 - 80 %),,,Jeepney loading in lane 2,
Vehicle,1 Lane Right,1st Lane,,10:58:48,Moderate (34 - 80 %),,,,
Vehicle,1 Lane Left,2nd Lane,,10:59:31,Moderate (34 - 80 %),,,,
Stoplight,Stop,2nd Lane,,10:59:55,Moderate (34 - 80 %),,,,
Vehicle,Go,2nd Lane,,11:01:20,Moderate (34 - 80 %),,,,
Vehicle,1 Lane Right,1st Lane,,11:01:50,Moderate (34 - 80 %),,,From 2 lanes to 4 lanes,
Passenger,Load,2nd Lane,,11:02:00,Moderate (34 - 80 %),,,,
Vehicle,1 Lane Left,2nd Lane,,11:02:22,Moderate (34 - 80 %),,,,
Vehicle,1 Lane Right,1st Lane,,11:02:47,Moderate (34 - 80 %),,,,
Vehicle,1 Lane Left,2nd Lane,,11:03:15,Moderate (34 - 80 %),,,,
Vehicle,1 Lane Left,3rd Lane,,11:03:25,Moderate (34 - 80 %),,,,
Vehicle,1 Lane Right,2nd Lane,,11:05:06,Moderate (34 - 80 %),,,CUT,
Vehicle,Stop,1st Lane,,11:05:46,Moderate (34 - 80 %),,,Traffic,
Vehicle,Go,1st Lane,,11:11:09,Moderate (34 - 80 %),,,,Note: Slowly moving
Vehicle,Stop,1st Lane,,11:11:26,Moderate (34 - 80 %),,,,
Vehicle,Go,1st Lane,,11:11:30,Moderate (34 - 80 %),,,,
Passenger,Load,1st Lane,,11:12:03,Moderate (34 - 80 %),,,,
Vehicle,Go,1st Lane,,11:12:07,Moderate (34 - 80 %),,,,
Passenger,Load,1st Lane,,11:12:35,Moderate (34 - 80 %),,,,
Vehicle,Go,1st Lane,,11:12:40,Moderate (34 - 80 %),,,,
Stoplight,Stop,1st Lane,,11:13:01,Moderate (34 - 80 %),,,,
Vehicle,Go,1st Lane,,11:14:44,Moderate (34 - 80 %),,,,
Passenger,Load,1st Lane,,11:15:19,Moderate (34 - 80 %),,,,
Vehicle,Go,1st Lane,,11:15:28,Moderate (34 - 80 %),,,,
Vehicle,Stop,1st Lane,,11:16:12,Moderate (34 - 80 %),,,Traffic,
Vehicle,Go,1st Lane,,11:16:38,Moderate (34 - 80 %),,,,
Vehicle,Go,1st Lane,,11:23:29,Low (0 - 33 %),,,End of ride,
Vehicle,Stop,1st Lane,,11:24:03,Low (0 - 33 %),,,,
Vehicle,Go,1st Lane,,10:31:00,Moderate (34 - 80 %),,,,
Passenger,Load,1st Lane,,10:32:40,Moderate (34 - 80 %),,,,
Vehicle,Go,1st Lane,,10:32:48,Moderate (34 - 80 %),,,,
Stoplight,Stop,1st Lane,,10:33:55,Moderate (34 - 80 %),,,,
Vehicle,Go,1st Lane,,10:34:29,Moderate (34 - 80 %),,,,
Vehicle,Stop,2nd Lane,,10:35:00,Moderate (34 - 80 %),,,Traffic for vehicles u-turn,
Vehicle,Go,2nd Lane,,10:35:02,Moderate (34 - 80 %),,,,
Vehicle,Stop,2nd Lane,,10:35:09,Full (81 - 100%),,,Overtaking jeepney infront,
Vehicle,Go,2nd Lane,,10:35:13,Full (81 - 100%),,,,
Vehicle,Stop,2nd Lane,,10:35:44,Full (81 - 100%),,,,
Vehicle,Go,2nd Lane,,10:35:57,Full (81 - 100%),,,,
Vehicle,Stop,2nd Lane,,10:36:47,Full (81 - 100%),,,,
Vehicle,Go,2nd Lane,,10:37:04,Full (81 - 100%),,,slow moving traffic,
Passenger,Load,2nd Lane,,10:37:33,Full (81 - 100%),,,,
Vehicle,Go,2nd Lane,,10:37:40,Full (81 - 100%),,,,
Passenger,Load,2nd Lane,,10:38:14,Full (81 - 100%),,,,
Vehicle,Go,2nd Lane,,10:38:21,Full (81 - 100%),,,,
Stoplight,Stop,2nd Lane,,10:38:36,Full (81 - 100%),,,,
Vehicle,Go,2nd Lane,,10:39:17,Full (81 - 100%),,,,
Passenger,Unload,2nd Lane,,10:39:39,Moderate (34 - 80 %),,,,
Vehicle,Go,2nd Lane,,10:39:48,Moderate (34 - 80 %),,,,
Passenger,Load,2nd Lane,,10:40:37,Moderate (34 - 80 %),,,,
Vehicle,Go,2nd Lane,,10:40:45,Moderate (34 - 80 %),,,,
Vehicle,1 Lane Right,1st Lane,,10:41:03,Moderate (34 - 80 %),,,,
Passenger,Unload,1st Lane,,10:41:13,Moderate (34 - 80 %),,,,
Vehicle,Go,1st Lane,,10:41:21,Moderate (34 - 80 %),,,,
Vehicle,1 Lane Right,1st Lane,,10:41:42,Moderate (34 - 80 %),,,2 lanes to 3 lanes,
Passenger,Load,1st Lane,,10:41:50,Moderate (34 - 80 %),,,,
Vehicle,Go,1st Lane,,10:41:57,Moderate (34 - 80 %),,,,
Passenger,Load,1st Lane,,10:42:00,Moderate (34 - 80 %),,,,
Vehicle,Go,1st Lane,,10:42:06,Moderate (34 - 80 %),,,,
Vehicle,1 Lane Left,2nd Lane,,10:42:15,Moderate (34 - 80 %),,,3 lanes to 2 lanes,
Vehicle,Go,1st Lane,,10:54:27,Moderate (34 - 80 %),,,,
Vehicle,Stop,1st Lane,,10:54:56,Moderate (34 - 80 %),,,Incoming traffic in intersection,
Vehicle,Go,1st Lane,,10:55:09,Moderate (34 - 80 %),,,,
Vehicle,2 Lane Left,3rd Lane,,10:55:19,Moderate (34 - 80 %),,,,
Vehicle,Go,3rd Lane,,10:55:25,Moderate (34 - 80 %),,,,
Vehicle,Stop,3rd Lane,,10:56:00,Moderate (34 - 80 %),,,,
Vehicle,Go,3rd Lane,,10:56:14,Moderate (34 - 80 %),,,,
Stoplight,Stop,3rd Lane,,10:56:31,Moderate (34 - 80 %),,,,
Vehicle,Go,3rd Lane,,10:56:36,Moderate (34 - 80 %),,,,
Vehicle,1 Lane Right,1st Lane,,10:56:59,Moderate (34 - 80 %),,,"Turned left, going to 1st lane",
Vehicle,Go,1st Lane,,10:57:29,Moderate (34 - 80 %),,,CUT,
Vehicle,Go,2nd Lane,,11:03:34,Moderate (34 - 80 %),,,4 lanes,
Vehicle,1 Lane Right,1st Lane,,11:04:07,Moderate (34 - 80 %),,,less traffic,
Passenger,Unload,1st Lane,,11:04:22,Moderate (34 - 80 %),,,,
Vehicle,Go,1st Lane,,11:04:26,Moderate (34 - 80 %),,,,
Stoplight,Go,1st Lane,,11:04:43,Moderate (34 - 80 %),,,,
Vehicle,1 Lane Left,2nd Lane,,11:04:49,Moderate (34 - 80 %),,,Jeepney in lane 1 loading,
Stoplight,Stop,1st Lane,,11:17:04,Moderate (34 - 80 %),,,,
Vehicle,Go,1st Lane,,11:17:13,Moderate (34 - 80 %),,,,
Stoplight,Stop,1st Lane,,11:18:48,Moderate (34 - 80 %),,,,
Vehicle,Go,1st Lane,,11:19:15,Moderate (34 - 80 %),,,,
Passenger,Unload,1st Lane,,11:20:03,Moderate (34 - 80 %),,,,
Vehicle,Go,1st Lane,,11:20:08,Low (0 - 33 %),,,,
Vehicle,1 Lane Left,2nd Lane,,11:20:15,Low (0 - 33 %),,,,
Stoplight,Go,2nd Lane,,11:20:32,Low (0 - 33 %),,,,
Vehicle,1 Lane Right,2nd Lane,,11:20:41,Low (0 - 33 %),,,2 lanes to 3 lanes,
Vehicle,1 Lane Right,1st Lane,,11:20:51,Low (0 - 33 %),,,turning right,
Vehicle,Stop,1st Lane,,11:20:54,Low (0 - 33 %),,,pedestrians crossing,
Vehicle,Go,1st Lane,,11:21:08,Low (0 - 33 %),,,,
Vehicle,Stop,1st Lane,,11:22:51,Low (0 - 33 %),,,traffic ahead,
Vehicle,Go,1st Lane,,11:22:59,Low (0 - 33 %),,,,
Passenger,Wait,1st Lane,,12:17:22,Low (0 - 33 %),,*Start Quiapo,CUT,
Vehicle,Go,1st Lane,,12:19:47,Low (0 - 33 %),,,,
Passenger,Load,2nd Lane,,12:21:19,Low (0 - 33 %),,,Parked cars in lane 1,
Vehicle,Go,2nd Lane,,12:21:25,Low (0 - 33 %),,,,
Stoplight,Stop,2nd Lane,,12:21:47,Low (0 - 33 %),,,,
Vehicle,Go,2nd Lane,,12:22:46,Low (0 - 33 %),,,,
Vehicle,1 Lane Right,1st Lane,,12:23:47,Low (0 - 33 %),,,3 lanes merge to 2 lanes,
Vehicle,1 Lane Right,2nd Lane,,12:24:09,Low (0 - 33 %),,,3 lanes merge to 4 lanes,
Stoplight,Stop,2nd Lane,,12:24:15,Low (0 - 33 %),,,,
Vehicle,Go,2nd Lane,,12:24:31,Low (0 - 33 %),,,,
Vehicle,Stop,2nd Lane,,12:24:53,Low (0 - 33 %),,,Middle of intersection stop. Traffic Jam,
Vehicle,1 Lane Right,1st Lane,,12:25:09,Low (0 - 33 %),,Backed up to move to the right lane (Towards loading/unloading station),,
Vehicle,1 Lane Left,2nd Lane,,12:25:17,Low (0 - 33 %),,Moving towards left lane to overtake,,
Vehicle,1 Lane Right,1st Lane,,12:25:33,Low (0 - 33 %),,"Overtake was unsuccessful, moved back to lane 1",,
Vehicle,Stop,1st Lane,,12:25:43,Low (0 - 33 %),,,,
Vehicle,Go,1st Lane,,12:25:54,Low (0 - 33 %),,,,
Vehicle,1 Lane Left,1st Lane,,12:26:04,Low (0 - 33 %),,,lane 2 merge as lane 1,
Stoplight,Stop,1st Lane,,12:26:21,Low (0 - 33 %),,,,
Vehicle,Go,1st Lane,,12:26:43,Low (0 - 33 %),,10km,,
Stoplight,Go,1st Lane,,12:27:37,Low (0 - 33 %),,,,Traffic enforcers at stop light
Vehicle,1 Lane Left,2nd Lane,,12:27:47,Low (0 - 33 %),,,Tricycle/e-bike in lane 1,
Vehicle,1 Lane Right,1st Lane,,12:28:17,Low (0 - 33 %),,,,
Vehicle,1 Lane Left,2nd Lane,,12:28:20,Low (0 - 33 %),,,Bus in Lane 1 unloading,
Vehicle,1 Lane Right,1st Lane,,12:28:25,Low (0 - 33 %),,,,
Vehicle,Stop,1st Lane,,12:28:39,Low (0 - 33 %),,,,
Vehicle,Go,1st Lane,,12:28:43,Low (0 - 33 %),,,,
Vehicle,Stop,1st Lane,,12:28:54,Low (0 - 33 %),,,,
Passenger,Load,1st Lane,,12:28:55,Moderate (34 - 80 %),,,,
Vehicle,Go,1st Lane,,12:29:15,Moderate (34 - 80 %),,,,
Vehicle,1 Lane Left,2nd Lane,Sudden Acceleration,12:29:55,Moderate (34 - 80 %),,47,,
Vehicle,1 Lane Right,1st Lane,,12:30:18,Moderate (34 - 80 %),,,,
Vehicle,1 Lane Right,1st Lane,,12:30:48,Moderate (34 - 80 %),,,2 lanes merge to 3 lanes,
Passenger,Load,1st Lane,,12:30:54,Moderate (34 - 80 %),,,,
Vehicle,Go,1st Lane,,12:31:00,Moderate (34 - 80 %),,,,
Vehicle,1 Lane Left,2nd Lane,Sudden Acceleration,12:31:07,Moderate (34 - 80 %),,40,Construction in lane 1,
Vehicle,1 Lane Right,1st Lane,,12:31:25,Moderate (34 - 80 %),,,,
Passenger,Unload,1st Lane,,12:31:38,Moderate (34 - 80 %),,,,
Vehicle,Go,1st Lane,,12:31:46,Moderate (34 - 80 %),,,,
Vehicle,Load,1st Lane,,12:31:55,Full (81 - 100%),,,,
Vehicle,Go,1st Lane,,12:32:08,Full (81 - 100%),,,,
Vehicle,1 Lane Left,3rd Lane,,12:32:38,Full (81 - 100%),,,,
Vehicle,2 Lane Right,1st Lane,,12:32:42,Full (81 - 100%),,,3 lanes into 4,
Vehicle,1 Lane Left,2nd Lane,,12:33:10,Full (81 - 100%),,,,
Vehicle,1 Lane Right,1st Lane,,12:33:22,Full (81 - 100%),,,Truck overtaking to right lane,
Passenger,Load,1st Lane,,12:33:37,Full (81 - 100%),,,,
Vehicle,Go,1st Lane,,12:33:42,Full (81 - 100%),,,,
Passenger,Load,1st Lane,,12:33:52,Full (81 - 100%),,,,
Vehicle,Go,1st Lane,Sudden Acceleration,12:33:59,Full (81 - 100%),,26,,
Passenger,Load,1st Lane,,12:34:25,Full (81 - 100%),,,,
Vehicle,Go,1st Lane,,12:34:34,Full (81 - 100%),,,,
Passenger,Load,1st Lane,,12:35:02,Full (81 - 100%),,,,
Vehicle,Go,1st Lane,,12:35:09,Full (81 - 100%),,,,
Vehicle,Stop,1st Lane,,12:35:21,Full (81 - 100%),,,Traffic,
Vehicle,Go,1st Lane,,12:35:43,Full (81 - 100%),,,,
Vehicle,Stop,1st Lane,,12:35:49,Full (81 - 100%),,,,
Vehicle,Go,1st Lane,,12:35:57,Full (81 - 100%),,,,
Vehicle,Stop,1st Lane,,12:36:00,Full (81 - 100%),,,,
Vehicle,Go,1st Lane,,12:36:01,Full (81 - 100%),,,,
Vehicle,Stop,1st Lane,,12:36:29,Full (81 - 100%),,,,
Vehicle,Go,1st Lane,,12:36:37,Full (81 - 100%),,,,
Vehicle,1 Lane Right,1st Lane,,12:36:57,Full (81 - 100%),,,1 lane merges to 2 lanes,
Passenger,Unload,1st Lane,,12:37:05,Full (81 - 100%),,,,
Vehicle,Go,1st Lane,,12:37:11,Full (81 - 100%),,,,
Vehicle,1 Lane Left,2nd Lane,,12:37:45,Full (81 - 100%),,,,
Vehicle,1 Lane Right,1st Lane,,12:38:25,Full (81 - 100%),,,,
Passenger,Unload,1st Lane,,12:38:43,Full (81 - 100%),,,,
Vehicle,Go,1st Lane,,12:38:51,Full (81 - 100%),,,,
Passenger,Unload,1st Lane,,12:39:06,Full (81 - 100%),,,,
Vehicle,Go,1st Lane,,12:39:11,Full (81 - 100%),,,,
Vehicle,Stop,1st Lane,,12:39:30,Full (81 - 100%),,,,
Vehicle,Go,1st Lane,,12:39:33,Full (81 - 100%),,5km,Traffic,
Passenger,Load,1st Lane,,12:40:44,Full (81 - 100%),,,,
Vehicle,Go,1st Lane,,12:40:55,Full (81 - 100%),,,,
Passenger,Load,1st Lane,,12:40:59,Full (81 - 100%),,,,
Vehicle,Go,1st Lane,Sudden Acceleration,12:41:05,Full (81 - 100%),,30,,
Vehicle,1 Lane Left,2nd Lane,,12:41:57,Full (81 - 100%),,,Vendors in lane 1,
Vehicle,1 Lane Right,1st Lane,,12:42:21,Full (81 - 100%),,,,
Vehicle,1 Lane Left,2nd Lane,Sudden Acceleration,12:43:02,Full (81 - 100%),,,,
Vehicle,1 Lane Right,1st Lane,,12:43:23,Full (81 - 100%),,,,
Passenger,Unload,2nd Lane,,12:43:43,Full (81 - 100%),,,Car in Lane 1,
Vehicle,Go,2nd Lane,,12:43:48,Full (81 - 100%),,,,
Stoplight,Stop,1st Lane,,12:44:16,Full (81 - 100%),,,3 Lanes merge into 2 lanes,
Vehicle,Go,1st Lane,,12:44:36,Full (81 - 100%),,,,
Passenger,Load,1st Lane,,12:45:11,Full (81 - 100%),,,,
Vehicle,Go,1st Lane,,12:45:35,Full (81 - 100%),,,,
Vehicle,1 Lane Left,2nd Lane,,12:46:06,Full (81 - 100%),,,,
Passenger,Load,1st Lane,,12:46:13,Full (81 - 100%),,,,
Vehicle,Go,1st Lane,,12:46:28,Full (81 - 100%),,,,
Passenger,Load,1st Lane,,12:46:40,Full (81 - 100%),,,,
Vehicle,Go,1st Lane,,12:47:16,Full (81 - 100%),,,,
Vehicle,1 Lane Left,2nd Lane,,12:47:18,Full (81 - 100%),,,,
Vehicle,1 Lane Right,1st Lane,,12:47:52,Full (81 - 100%),,,,
Stoplight,Stop,1st Lane,,12:48:08,Full (81 - 100%),,,,
Vehicle,Go,1st Lane,,12:50:10,Full (81 - 100%),,,CUT,
Vehicle,Go,1st Lane,,12:50:22,Full (81 - 100%),,,,
Passenger,Unload,1st Lane,,12:51:18,Moderate (34 - 80 %),,,,
Vehicle,Go,1st Lane,,12:51:28,Moderate (34 - 80 %),,,CUT,
Vehicle,Go,2nd Lane,,12:51:32,Moderate (34 - 80 %),,,Jeepney in Lane 1 unloading,
Vehicle,1 Lane Right,1st Lane,,12:51:46,Moderate (34 - 80 %),,,,
Stoplight,Stop,1st Lane,,12:52:18,Moderate (34 - 80 %),,,,
Vehicle,Go,1st Lane,,12:53:06,Moderate (34 - 80 %),,,,
Vehicle,1 Lane Left,2nd Lane,,12:54:42,Moderate (34 - 80 %),,,Taxi in lane 1 loading,
Vehicle,1 Lane Right,1st Lane,,12:54:44,Moderate (34 - 80 %),,,,
Passenger,Unload,1st Lane,,12:54:49,Low (0 - 33 %),,,,
Vehicle,Go,1st Lane,,12:54:58,Low (0 - 33 %),,,,
Passenger,Unload,1st Lane,,12:56:33,Low (0 - 33 %),,,,
Vehicle,Go,1st Lane,,12:56:39,Low (0 - 33 %),,,,
Vehicle,Stop,1st Lane,,12:56:44,Low (0 - 33 %),,,Car backing up,
Vehicle,Go,1st Lane,,12:57:04,Low (0 - 33 %),,,,
Passenger,Unload,1st Lane,,12:57:52,Low (0 - 33 %),,,,
Vehicle,Go,1st Lane,,12:58:00,Low (0 - 33 %),,,,
Vehicle,Stop,1st Lane,,12:59:08,Low (0 - 33 %),,,End of line (or end of recording*),
Vehicle,Wait,1st Lane,,13:11:45,Low (0 - 33 %),,,,To Quiapo
Vehicle,Go,1st Lane,,13:12:41,Low (0 - 33 %),3km,,,
Passenger,Load,1st Lane,,13:13:44,Low (0 - 33 %),,,,
Vehicle,Go,1st Lane,,13:14:05,Low (0 - 33 %),,,,
Passenger,Load,1st Lane,,13:14:14,Low (0 - 33 %),,,,
Vehicle,Go,1st Lane,,13:14:29,Moderate (34 - 80 %),,,,
Passenger,Unload,1st Lane,,13:16:29,Moderate (34 - 80 %),,,,
Vehicle,Go,1st Lane,,13:16:40,Moderate (34 - 80 %),,,,
Passenger,Load,1st Lane,,13:18:36,Moderate (34 - 80 %),,,,
Vehicle,Go,1st Lane,,13:18:42,Moderate (34 - 80 %),,,,
Passenger,Load,1st Lane,,13:19:11,Moderate (34 - 80 %),,,,
Vehicle,Go,1st Lane,,13:19:20,Moderate (34 - 80 %),,,,
Passenger,Load,1st Lane,,13:20:50,Moderate (34 - 80 %),,,,
Vehicle,Go,1st Lane,,13:20:55,Moderate (34 - 80 %),,,,
Passenger,Load,1st Lane,,13:21:10,Moderate (34 - 80 %),,,,
Passenger,Go,1st Lane,,13:21:14,Moderate (34 - 80 %),,,,
Stoplight,Stop,1st Lane,,13:21:46,Moderate (34 - 80 %),,,,
Vehicle,Go,1st Lane,,13:22:36,Moderate (34 - 80 %),,,,
Passenger,Wait,1st Lane,,13:23:02,Full (81 - 100%),,Unloading loading,,
Vehicle,Go,1st Lane,,13:24:54,Full (81 - 100%),,,,
Vehicle,1 Lane Left,2nd Lane,,13:24:56,Full (81 - 100%),,,Lane 1 has construction,
Passenger,Load,2nd Lane,,13:25:20,Full (81 - 100%),,,,
Vehicle,Go,2nd Lane,,13:25:41,Full (81 - 100%),,,,
Passenger,Load,2nd Lane,,13:25:58,Full (81 - 100%),,,,
Vehicle,Go,2nd Lane,,13:26:08,Full (81 - 100%),,,,
Vehicle,Stop,2nd Lane,,13:26:20,Full (81 - 100%),,,,
Vehicle,Go,2nd Lane,,13:26:23,Full (81 - 100%),,,Traffic Jam,
Vehicle,Stop,2nd Lane,,13:26:29,Full (81 - 100%),,,,
Vehicle,Go,2nd Lane,,13:27:42,Full (81 - 100%),,,,
Stoplight,Stop,2nd Lane,,13:28:09,Full (81 - 100%),,,,
Vehicle,Go,2nd Lane,,13:30:09,Full (81 - 100%),,,,
Vehicle,1 Lane Right,1st Lane,,13:31:57,Full (81 - 100%),,,,
Passenger,Load,1st Lane,,13:31:57,Full (81 - 100%),,,,
Vehicle,Go,1st Lane,,13:32:16,Full (81 - 100%),,,,
Passenger,Load,1st Lane,,13:33:35,Full (81 - 100%),,,,
Vehicle,Go,1st Lane,,13:33:53,Full (81 - 100%),,,,
Passenger,Load,1st Lane,,13:34:08,Full (81 - 100%),,,,
Vehicle,Go,1st Lane,,13:34:35,Full (81 - 100%),,,,
Vehicle,1 Lane Left,2nd Lane,,13:34:51,Full (81 - 100%),,,,
Vehicle,Stop,2nd Lane,,13:34:53,Full (81 - 100%),,,,
Vehicle,Go,2nd Lane,,13:36:17,Full (81 - 100%),,,,
Stoplight,Stop,2nd Lane,,13:26:44,Full (81 - 100%),,,,
Vehicle,Go,2nd Lane,,13:36:25,Full (81 - 100%),,,,
Stoplight,Stop,2nd Lane,,13:36:44,Full (81 - 100%),,,,
Vehicle,Go,2nd Lane,,13:38:47,Full (81 - 100%),,,,
Passenger,Unload,1st Lane,,13:39:09,Moderate (34 - 80 %),,,,
Vehicle,Go,2nd Lane,,13:39:18,Moderate (34 - 80 %),,,,
Passenger,Unload,1st Lane,,13:39:58,Moderate (34 - 80 %),,,turning left,
Vehicle,Go,1st Lane,,13:40:10,Moderate (34 - 80 %),,,,
Vehicle,2 Lane Left,3rd Lane,,13:43:28,Moderate (34 - 80 %),,,,
Stoplight,Stop,3rd Lane,,13:45:10,Moderate (34 - 80 %),,,,
Vehicle,Go,1st Lane,Sudden Acceleration,13:46:25,Moderate (34 - 80 %),,,,
Vehicle,Stop,1st Lane,Sudden Break,13:47:25,Moderate (34 - 80 %),,,Traffic Jam,
Vehicle,Go,1st Lane,,13:47:27,Moderate (34 - 80 %),,,,
Vehicle,Stop,1st Lane,,13:47:53,Moderate (34 - 80 %),,,,
Vehicle,Go,1st Lane,,13:27:55,Moderate (34 - 80 %),,,,
Passenger,Unload,1st Lane,,13:48:59,Moderate (34 - 80 %),,,,
Vehicle,1 Lane Left,2nd Lane,,13:49:16,Moderate (34 - 80 %),,,,
Vehicle,Load,1st Lane,,13:49:35,Full (81 - 100%),,,,
Vehicle,Go,1st Lane,,13:49:40,Full (81 - 100%),,,,
Vehicle,1 Lane Left,2nd Lane,,13:50:13,Full (81 - 100%),,,,
Stoplight,Stop,2nd Lane,,13:50:35,Full (81 - 100%),,,,
Vehicle,Go,2nd Lane,,13:51:36,Full (81 - 100%),,,,
Passenger,Load,1st Lane,,13:53:26,Full (81 - 100%),,,,
Vehicle,Go,1st Lane,,13:53:29,Full (81 - 100%),,,,
Vehicle,1 Lane Left,2nd Lane,,13:53:58,Full (81 - 100%),,,,
Vehicle,1 Lane Right,1st Lane,,13:54:12,Full (81 - 100%),,,,
Stoplight,Stop,1st Lane,,13:54:23,Full (81 - 100%),,,,
Vehicle,Go,1st Lane,,13:54:40,Full (81 - 100%),,,,
Vehicle,1 Lane Left,2nd Lane,,13:54:56,Full (81 - 100%),,,,
Vehicle,1 Lane Right,1st Lane,,13:55:09,Full (81 - 100%),,,,
Passenger,Unload,1st Lane,,13:55:20,Moderate (34 - 80 %),,,,
Vehicle,2 Lane Left,3rd Lane,,13:55:36,Moderate (34 - 80 %),,,4 lanes merge to 2,
Vehicle,Go,1st Lane,,13:55:50,Moderate (34 - 80 %),36,,,
Stoplight,Stop,1st Lane,,13:57:09,Moderate (34 - 80 %),,,,
Vehicle,Go,1st Lane,,13:57:34,Moderate (34 - 80 %),,,,
Vehicle,1 Lane Left,2nd Lane,,13:58:40,Moderate (34 - 80 %),,,Jeepney in Lane 1 loading,
Vehicle,1 Lane Right,1st Lane,,13:58:54,Moderate (34 - 80 %),,,,
Vehicle,Stop,1st Lane,,13:59:07,Moderate (34 - 80 %),,,,
Vehicle,Go,1st Lane,,13:59:22,Moderate (34 - 80 %),,,,
Passenger,Load,1st Lane,,13:59:40,Moderate (34 - 80 %),,,,
Vehicle,Go,1st Lane,,13:59:45,Moderate (34 - 80 %),,,,
Stoplight,Go,1st Lane,,13:59:57,Moderate (34 - 80 %),,,,
Passenger,Unload,1st Lane,,14:00:08,Low (0 - 33 %),,,,
Vehicle,Go,1st Lane,,14:00:18,Low (0 - 33 %),,,,
Stoplight,Stop,1st Lane,,14:01:13,Low (0 - 33 %),,,,
Vehicle,Go,2nd Lane,,14:01:37,Low (0 - 33 %),,,2 lanes into 3 lanes,
Vehicle,1 Lane Right,1st Lane,,14:02:12,Low (0 - 33 %),,,,
Passenger,Unload,1st Lane,,14:03:24,Low (0 - 33 %),,,,
Vehicle,Go,1st Lane,,14:03:35,Low (0 - 33 %),,,,
Passenger,Unload,1st Lane,,14:04:40,Low (0 - 33 %),,,,
Vehicle,Go,1st Lane,,14:04:44,Low (0 - 33 %),,,,
Vehicle,Stop,1st Lane,,14:06:00,Low (0 - 33 %),,,end of line,In Quiapo
Vehicle,Stop,1st Lane,,16:48,Low (0 - 33 %),,,,jeep in front making a u-turn
Vehicle,Go,1st Lane,,16:50,Low (0 - 33 %),,,,jeep starts roundtrip
Passenger,Wait,1st Lane,,16:51,Low (0 - 33 %),,,,jeep no passengers
Passenger,Load,1st Lane,,16:52,Low (0 - 33 %),,,,jeep 2 passengers
Vehicle,Go,1st Lane,,16:52:20,Low (0 - 33 %),,,,
Passenger,Wait,1st Lane,,16:52:30,Low (0 - 33 %),,,,
Vehicle,Go,1st Lane,,16:52:55,Low (0 - 33 %),,,,
Passenger,Wait,1st Lane,,16:53:10,Low (0 - 33 %),,,,
Vehicle,Go,1st Lane,,16:53:40,Low (0 - 33 %),,,,
Passenger,Wait,1st Lane,,16:53:55,Low (0 - 33 %),,,,
Vehicle,Go,1st Lane,,16:54:00,Low (0 - 33 %),,,,
Passenger,Stop,1st Lane,,16:54:35,Low (0 - 33 %),,,,
Passenger,Load,1st Lane,,16:54:36,Low (0 - 33 %),,,,
Vehicle,Go,1st Lane,,16:54:50,Low (0 - 33 %),,,,
Passenger,Wait,1st Lane,,16:55:50,Low (0 - 33 %),,,,
Vehicle,Go,1st Lane,,16:56:00,Low (0 - 33 %),,,,
Passenger,Stop,1st Lane,,16:57:10,Low (0 - 33 %),,,,
Passenger,Load,1st Lane,,16:57:15,Low (0 - 33 %),,,,
Vehicle,Go,1st Lane,,16:57:19,Low (0 - 33 %),,,,
Passenger,Wait,1st Lane,,16:57:40,Low (0 - 33 %),,,,
Vehicle,Go,1st Lane,,16:57:50,Low (0 - 33 %),,,,
Stoplight,Stop,1st Lane,,16:59:20,Low (0 - 33 %),,,,
Vehicle,Go,1st Lane,,17:01,Low (0 - 33 %),,,,
Passenger,1 Lane Right,2nd Lane,,17:02,Low (0 - 33 %),,,,
Passenger,Stop,2nd Lane,,17:02,Low (0 - 33 %),,,,
Passenger,Load,2nd Lane,,17:02,Low (0 - 33 %),,,,
Passenger,Unload,2nd Lane,,17:02,Low (0 - 33 %),,,,
Vehicle,Wait,2nd Lane,,17:02,Low (0 - 33 %),,,,
Passenger,Load,2nd Lane,,17:03:50,Moderate (34 - 80 %),,,,
Vehicle,1 Lane Left,1st Lane,,17:04,Moderate (34 - 80 %),,,,
Vehicle,Go,1st Lane,,17:04:05,Moderate (34 - 80 %),,,,resume trip
Vehicle,1 Lane Right,2nd Lane,,17:04:10,Moderate (34 - 80 %),,,,
Vehicle,Go,2nd Lane,,17:04:11,Moderate (34 - 80 %),,,,
Stoplight,Stop,2nd Lane,,17:09:43,Moderate (34 - 80 %),,,,
Vehicle,Go,2nd Lane,,17:11:50,Moderate (34 - 80 %),,,,
Passenger,Unload,2nd Lane,,17:12,Low (0 - 33 %),,,,
Vehicle,Go,2nd Lane,,,Low (0 - 33 %),,,,
Passenger,Wait,2nd Lane,,17:12:46,Low (0 - 33 %),,,,
Vehicle,Go,2nd Lane,,17:12:50,Low (0 - 33 %),,,,
Passenger,Stop,2nd Lane,,17:13,Low (0 - 33 %),,,,
Passenger,Unload,2nd Lane,,17:13:05,Low (0 - 33 %),,,,
Vehicle,Go,2nd Lane,,,Low (0 - 33 %),,,,
Vehicle,Stop,2nd Lane,,17:13:34,Low (0 - 33 %),,,,car blocking
Passenger,Load,2nd Lane,,17:13:40,Low (0 - 33 %),,,,
Vehicle,Go,2nd Lane,,,Low (0 - 33 %),,,,
Passenger,Stop,2nd Lane,,,Low (0 - 33 %),,,,
Passenger,Load,2nd Lane,,17:14:40,Moderate (34 - 80 %),,,,
Vehicle,Go,2nd Lane,,,Moderate (34 - 80 %),,,,
Vehicle,1 Lane Left,1st Lane,,,Moderate (34 - 80 %),,,,
Stoplight,Stop,1st Lane,,17:15:15,Moderate (34 - 80 %),,,,
Vehicle,Go,1st Lane,,17:17:26,Moderate (34 - 80 %),,,,
Passenger,1 Lane Right,2nd Lane,,,Moderate (34 - 80 %),,,,
Passenger,Stop,2nd Lane,,,Moderate (34 - 80 %),,,,
Passenger,Load,2nd Lane,,17:17:41,Moderate (34 - 80 %),,,,
Vehicle,Go,2nd Lane,,17:18,Moderate (34 - 80 %),,,,
Vehicle,Stop,2nd Lane,,17:19,Moderate (34 - 80 %),,,,
Vehicle,1 Lane Left,1st Lane,,17:21:50,Moderate (34 - 80 %),,,,Road construction
Passenger,Stop,1st Lane,,,Moderate (34 - 80 %),,,,
Passenger,Unload,1st Lane,,17:22,Moderate (34 - 80 %),,,,
Vehicle,Go,1st Lane,,17:31,Moderate (34 - 80 %),,,,
Vehicle,1 Lane Right,2nd Lane,,17:31:50,Moderate (34 - 80 %),,,,
Vehicle,1 Lane Left,1st Lane,,,Moderate (34 - 80 %),,,,
Stoplight,Stop,1st Lane,,17:32:30,Moderate (34 - 80 %),,,,
Vehicle,Go,1st Lane,,17:33,Moderate (34 - 80 %),,,,
Passenger,Stop,1st Lane,,,Moderate (34 - 80 %),,,,
Passenger,Load,1st Lane,,,Moderate (34 - 80 %),,,,
Vehicle,Go,1st Lane,,17:33:20,Moderate (34 - 80 %),,,,
Vehicle,Stop,1st Lane,,17:34,Moderate (34 - 80 %),,,,traffic jam
Vehicle,Go,1st Lane,,,Moderate (34 - 80 %),,,,
Passenger,Stop,1st Lane,,,Moderate (34 - 80 %),,,,
Passenger,Load,1st Lane,,17:35,Moderate (34 - 80 %),,,,
Vehicle,Go,1st Lane,,,Moderate (34 - 80 %),,,,
Vehicle,Stop,1st Lane,,,Moderate (34 - 80 %),,,,traffic jam
Passenger,Unload,1st Lane,,,Moderate (34 - 80 %),,,,
Vehicle,Go,1st Lane,,,Moderate (34 - 80 %),,,,
Stoplight,Stop,1st Lane,,17:37:23,Moderate (34 - 80 %),,,,
Vehicle,Go,1st Lane,,17:39,Moderate (34 - 80 %),,,,
Vehicle,2 Lane Right,3rd Lane,,,Moderate (34 - 80 %),,,,
Vehicle,1 Lane Right,4th Lane,,,Moderate (34 - 80 %),,,,
Passenger,Wait,4th Lane,,17:39:40,Moderate (34 - 80 %),,,,
Vehicle,1 Lane Left,3rd Lane,,17:39:43,Moderate (34 - 80 %),,,,
Vehicle,Go,3rd Lane,,,Moderate (34 - 80 %),,,,
Vehicle,1 Lane Right,3rd Lane,,,Moderate (34 - 80 %),,,,
Passenger,Stop,3rd Lane,,,Moderate (34 - 80 %),,,,
Passenger,Unload,3rd Lane,,17:41,Moderate (34 - 80 %),,,,
Vehicle,Go,3rd Lane,,,Moderate (34 - 80 %),,,,
Stoplight,Stop,3rd Lane,,17:42,Moderate (34 - 80 %),,,,
Passenger,Wait,3rd Lane,,17:43,Moderate (34 - 80 %),,,,
Vehicle,Go,3rd Lane,,,Moderate (34 - 80 %),,,,
Vehicle,1 Lane Right,4th Lane,,,Moderate (34 - 80 %),,,,
Passenger,Stop,4th Lane,,,Moderate (34 - 80 %),,,,
Passenger,Unload,4th Lane,,17:43:38,Moderate (34 - 80 %),,,,
Vehicle,2 Lane Left,2nd Lane,,,Moderate (34 - 80 %),,,,
Vehicle,Stop,2nd Lane,,,Moderate (34 - 80 %),,,,car in front changed lane
Passenger,Unload,2nd Lane,,17:43:59,Moderate (34 - 80 %),,,,
Passenger,Load,2nd Lane,,17:44:20,Moderate (34 - 80 %),,,,
Vehicle,Go,2nd Lane,,,Moderate (34 - 80 %),,,,
Vehicle,Stop,2nd Lane,,,Moderate (34 - 80 %),,,,traffic jam
Vehicle,Go,2nd Lane,,17:47,Moderate (34 - 80 %),,,,
Vehicle,1 Lane Left,1st Lane,,,Moderate (34 - 80 %),,,,
Stoplight,Stop,1st Lane,,17:48,Moderate (34 - 80 %),,,,
Vehicle,Go,1st Lane,,,Moderate (34 - 80 %),,,,
Vehicle,Stop,1st Lane,,,Moderate (34 - 80 %),,,,traffic jam
Vehicle,Go,1st Lane,,17:53,Moderate (34 - 80 %),,,,
Vehicle,1 Lane Right,2nd Lane,,17:54,Moderate (34 - 80 %),,,,
Stoplight,Stop,2nd Lane,,17:54:30,Moderate (34 - 80 %),,,,
Vehicle,Go,2nd Lane,,17:55,Moderate (34 - 80 %),,,,
Vehicle,1 Lane Left,1st Lane,,,Moderate (34 - 80 %),,,,
Vehicle,1 Lane Right,2nd Lane,,,Moderate (34 - 80 %),,,,
Stoplight,Stop,2nd Lane,,17:55:55,Moderate (34 - 80 %),,,,
Vehicle,Go,2nd Lane,,17:56:10,Moderate (34 - 80 %),,,,
Vehicle,Stop,2nd Lane,,,Moderate (34 - 80 %),,,,
Passenger,Unload,2nd Lane,,,Moderate (34 - 80 %),,,,
Vehicle,Go,2nd Lane,,,Moderate (34 - 80 %),,,,
Vehicle,Stop,2nd Lane,,,Moderate (34 - 80 %),,,,end of jeepney line (quiapo)
Passenger,Unload,2nd Lane,,,Low (0 - 33 %),,,,
Vehicle,Wait,2nd Lane,,17:59,Low (0 - 33 %),,,,
Passenger,Load,2nd Lane,,,Moderate (34 - 80 %),,,,
Vehicle,Go,2nd Lane,,18:01,Moderate (34 - 80 %),,,,
Passenger,Wait,2nd Lane,,,Moderate (34 - 80 %),,,,
Vehicle,Go,2nd Lane,,,Moderate (34 - 80 %),,,,
Passenger,Stop,2nd Lane,,,Moderate (34 - 80 %),,,,
Passenger,Load,2nd Lane,,18:02,Full (81 - 100%),,,,
Vehicle,Stop,2nd Lane,,,Full (81 - 100%),,,,car cuts in front
Vehicle,Go,2nd Lane,,,Full (81 - 100%),,,,
Passenger,Stop,2nd Lane,,,Full (81 - 100%),,,,
Passenger,Load,2nd Lane,,18:04,Full (81 - 100%),,,,
Vehicle,Go,2nd Lane,,,Full (81 - 100%),,,,
Vehicle,Stop,2nd Lane,,18:06:50,Full (81 - 100%),,,,traffic jam
Vehicle,Go,2nd Lane,,,Full (81 - 100%),,,,
Vehicle,Stop,2nd Lane,,18:10,Full (81 - 100%),,,,traffic jam
Vehicle,Go,2nd Lane,,18:11,Full (81 - 100%),,,,
Stoplight,Stop,2nd Lane,,18:12,Full (81 - 100%),,,,
Vehicle,Go,2nd Lane,,18:12:50,Full (81 - 100%),,,,
Passenger,Stop,2nd Lane,,,Full (81 - 100%),,,,
Passenger,Load,2nd Lane,,18:12,Full (81 - 100%),,,,
Vehicle,Go,2nd Lane,,18:13,Full (81 - 100%),,,,
Vehicle,1 Lane Left,1st Lane,,18:13,Full (81 - 100%),,,,
Vehicle,1 Lane Right,2nd Lane,,,Full (81 - 100%),,,,
Vehicle,1 Lane Left,1st Lane,,,Full (81 - 100%),,,,
Stoplight,Stop,1st Lane,,,Full (81 - 100%),,,,
Vehicle,Go,1st Lane,,18:14,Full (81 - 100%),,,,
Vehicle,1 Lane Right,3rd Lane,,18:14:50,Full (81 - 100%),,,,
Vehicle,1 Lane Right,4th Lane,,,Full (81 - 100%),,,,
Vehicle,Stop,4th Lane,,,Full (81 - 100%),,,,
Passenger,Unload,4th Lane,,,Moderate (34 - 80 %),,,,
Vehicle,Go,4th Lane,,,Moderate (34 - 80 %),,,,
Passenger,Stop,4th Lane,,,Moderate (34 - 80 %),,,,
Passenger,Unload,4th Lane,,18:16,Moderate (34 - 80 %),,,,
Passenger,Load,4th Lane,,,Moderate (34 - 80 %),,,,
Vehicle,Go,4th Lane,,,Moderate (34 - 80 %),,,,
Passenger,Stop,4th Lane,,,Moderate (34 - 80 %),,,,
Passenger,Unload,4th Lane,,,Moderate (34 - 80 %),,,,
Vehicle,Go,4th Lane,,,Moderate (34 - 80 %),,,,
Vehicle,Stop,4th Lane,,,Moderate (34 - 80 %),,,,car jam
Vehicle,2 Lane Left,2nd Lane,,,Moderate (34 - 80 %),,,,
Vehicle,Go,2nd Lane,,,Moderate (34 - 80 %),,,,
Passenger,Stop,2nd Lane,,,Moderate (34 - 80 %),,,,
Passenger,Unload,2nd Lane,,,Moderate (34 - 80 %),,,,
Vehicle,Go,2nd Lane,,,Moderate (34 - 80 %),,,,
Passenger,Stop,2nd Lane,,,Moderate (34 - 80 %),,,,
Passenger,Load,2nd Lane,,18:21,Moderate (34 - 80 %),,,,
Vehicle,Go,2nd Lane,,,Moderate (34 - 80 %),,,,
Passenger,Stop,2nd Lane,,,Moderate (34 - 80 %),,,,
Passenger,Load,2nd Lane,,18:22,Moderate (34 - 80 %),,,,
Vehicle,Go,2nd Lane,,,Moderate (34 - 80 %),,,,
Vehicle,1 Lane Left,1st Lane,,,Moderate (34 - 80 %),,,,
Passenger,Stop,1st Lane,,,Moderate (34 - 80 %),,,,
Passenger,Unload,1st Lane,,18:23:25,Moderate (34 - 80 %),,,,
Vehicle,Go,1st Lane,,,Moderate (34 - 80 %),,,,
Vehicle,2 Lane Right,3rd Lane,,18:25,Moderate (34 - 80 %),,,,
Vehicle,Stop,3rd Lane,,,Moderate (34 - 80 %),,,,car jam
Vehicle,Go,3rd Lane,,18:26,Moderate (34 - 80 %),,,,
Passenger,Stop,3rd Lane,,,Moderate (34 - 80 %),,,,
Passenger,Unload,3rd Lane,,18:28,Moderate (34 - 80 %),,,,
Vehicle,Go,3rd Lane,,,Moderate (34 - 80 %),,,,
Vehicle,1 Lane Left,3rd Lane,,18:29,Moderate (34 - 80 %),,,,
Vehicle,Stop,3rd Lane,,18:30,Moderate (34 - 80 %),,,,
Vehicle,Go,3rd Lane,,,Moderate (34 - 80 %),,,,
Vehicle,2 Lane Right,4th Lane,,,Moderate (34 - 80 %),,,,
Vehicle,Go,2nd Lane,,,Moderate (34 - 80 %),,,,
Vehicle,Stop,2nd Lane,,,Moderate (34 - 80 %),,,,
Passenger,Unload,2nd Lane,,18:32,Low (0 - 33 %),,,,
Passenger,Load,2nd Lane,,,Moderate (34 - 80 %),,,,
Vehicle,Go,2nd Lane,,,Moderate (34 - 80 %),,,,
Passenger,Stop,2nd Lane,,,Moderate (34 - 80 %),,,,
Passenger,Unload,2nd Lane,,18:33,Moderate (34 - 80 %),,,,
Vehicle,Go,2nd Lane,,,Moderate (34 - 80 %),,,,
Vehicle,Stop,2nd Lane,,18:34,Moderate (34 - 80 %),,,,car jam
Vehicle,1 Lane Left,1st Lane,,,Moderate (34 - 80 %),,,,
Vehicle,Stop,1st Lane,,,Moderate (34 - 80 %),,,,
Vehicle,Go,1st Lane,,,Moderate (34 - 80 %),,,,
Stoplight,Stop,1st Lane,,18:41,Moderate (34 - 80 %),,,,
Vehicle,Go,1st Lane,,18:44,Moderate (34 - 80 %),,,,
Vehicle,1 Lane Right,2nd Lane,,,Moderate (34 - 80 %),,,,
Passenger,Stop,2nd Lane,,,Moderate (34 - 80 %),,,,
Passenger,Unload,2nd Lane,,,Moderate (34 - 80 %),,,,
Vehicle,Go,2nd Lane,,,Moderate (34 - 80 %),,,,
Passenger,Stop,2nd Lane,,,Moderate (34 - 80 %),,,,
Passenger,Unload,2nd Lane,,18:49,Low (0 - 33 %),,,,
Vehicle,Go,2nd Lane,,,Low (0 - 33 %),,,,
Vehicle,Stop,2nd Lane,,,Low (0 - 33 %),,,,
Vehicle,Go,2nd Lane,,,Low (0 - 33 %),,,,
Passenger,Stop,2nd Lane,,,Low (0 - 33 %),,,,
Passenger,Load,2nd Lane,,18:50,Low (0 - 33 %),,,,
Vehicle,Go,2nd Lane,,,Low (0 - 33 %),,,,
Passenger,Stop,2nd Lane,,,Low (0 - 33 %),,,,
Passenger,Unload,2nd Lane,,18:53,Low (0 - 33 %),,,,
Vehicle,Go,2nd Lane,,,Low (0 - 33 %),,,,
Vehicle,Stop,2nd Lane,,,Low (0 - 33 %),,,,
Passenger,Unload,2nd Lane,,18:56,Low (0 - 33 %),,,,end of line J posadas
Vehicle,Go,1st Lane,,16:53:03,Low (0 - 33 %),,,,start of trip
Vehicle,Stop,1st Lane,,,Low (0 - 33 %),,,,car in front stopped
Passenger,Stop,1st Lane,,,Low (0 - 33 %),,,,
Passenger,Load,1st Lane,,16:56:54,Low (0 - 33 %),,,,
Passenger,Wait,1st Lane,,16:56:25,Low (0 - 33 %),,,,
Passenger,Load,1st Lane,,,Low (0 - 33 %),,,,
Vehicle,Go,1st Lane,,16:56:55,Low (0 - 33 %),,,,
Passenger,Wait,1st Lane,,,Low (0 - 33 %),,,,
Passenger,Load,1st Lane,,16:57:50,Low (0 - 33 %),,,,
Vehicle,Go,1st Lane,,,Low (0 - 33 %),,,,
Passenger,Wait,1st Lane,,16:58:20,Low (0 - 33 %),,,,
Vehicle,Go,1st Lane,,16:58:25,Low (0 - 33 %),,,,
Vehicle,Stop,1st Lane,,16:59:50,Low (0 - 33 %),,,,car stopped
Vehicle,Go,1st Lane,,17:00:25,Low (0 - 33 %),,,,
Passenger,Stop,1st Lane,,17:02:57,Low (0 - 33 %),,,,
Vehicle,Go,2nd Lane,,17:04:45,Low (0 - 33 %),,,,
Passenger,Wait,2nd Lane,,17:04:52,Low (0 - 33 %),,,,
Passenger,Load,2nd Lane,,,Moderate (34 - 80 %),,,,
Vehicle,Go,2nd Lane,,17:05:09,Moderate (34 - 80 %),,,,
Vehicle,1 Lane Left,1st Lane,,17:05:57,Moderate (34 - 80 %),,,,
Vehicle,Stop,1st Lane,,17:06:00,Moderate (34 - 80 %),,,,
Vehicle,Go,1st Lane,,17:07:00,Moderate (34 - 80 %),,,,
Stoplight,Stop,1st Lane,,17:07:25,Moderate (34 - 80 %),,,,
Vehicle,Go,1st Lane,,17:09:10,Moderate (34 - 80 %),,,,
Stoplight,Stop,1st Lane,,17:09:30,Moderate (34 - 80 %),,,,
Vehicle,Go,1st Lane,,17:11:43,Moderate (34 - 80 %),,,,
Passenger,Stop,1st Lane,,,Moderate (34 - 80 %),,,,
Passenger,Unload,1st Lane,,17:12:00,Low (0 - 33 %),,,,
Passenger,Load,1st Lane,,,Moderate (34 - 80 %),,,,
Vehicle,Go,1st Lane,,17:12:08,Moderate (34 - 80 %),,,,
Passenger,Stop,1st Lane,,17:13:18,Moderate (34 - 80 %),,,,
Passenger,Unload,1st Lane,,,Moderate (34 - 80 %),,,,
Passenger,Load,1st Lane,,,Moderate (34 - 80 %),,,,
Vehicle,Go,1st Lane,,17:13:46,Moderate (34 - 80 %),,,,
Vehicle,Stop,1st Lane,,17:14:25,Moderate (34 - 80 %),,,,
Vehicle,Go,1st Lane,,17:15:11,Moderate (34 - 80 %),,,,
Passenger,Stop,1st Lane,,17:15:16,Moderate (34 - 80 %),,,,
Passenger,Load,1st Lane,,,Moderate (34 - 80 %),,,,
Vehicle,Go,1st Lane,,17:15:22,Moderate (34 - 80 %),,,,
Stoplight,Stop,1st Lane,,17:15:40,Moderate (34 - 80 %),,,,car jam
Vehicle,Go,2nd Lane,,17:17:24,Moderate (34 - 80 %),,,,
Passenger,Stop,2nd Lane,,,Moderate (34 - 80 %),,,,
Passenger,Load,2nd Lane,,17:18:57,Moderate (34 - 80 %),,,,
Vehicle,Go,2nd Lane,,,Moderate (34 - 80 %),,,,
Passenger,Stop,2nd Lane,,,Moderate (34 - 80 %),,,,
Passenger,Unload,2nd Lane,,17:20:36,Moderate (34 - 80 %),,,,
Vehicle,Go,2nd Lane,,17:20:53,Moderate (34 - 80 %),,,,
Vehicle,Stop,2nd Lane,,17:21:08,Moderate (34 - 80 %),,,,
Vehicle,Go,2nd Lane,,,Moderate (34 - 80 %),,,,
Vehicle,1 Lane Left,1st Lane,,17:23:26,Moderate (34 - 80 %),,,,
Passenger,Stop,1st Lane,,,Moderate (34 - 80 %),,,,
Passenger,Unload,1st Lane,,17:23:49,Moderate (34 - 80 %),,,,
Vehicle,Go,1st Lane,,,Moderate (34 - 80 %),,,,
Vehicle,Stop,1st Lane,,17:24:32,Moderate (34 - 80 %),,,,
Vehicle,Go,1st Lane,,,Moderate (34 - 80 %),,,,
Passenger,1 Lane Right,2nd Lane,,,Moderate (34 - 80 %),,,,
Passenger,Stop,2nd Lane,,,Moderate (34 - 80 %),,,,
Passenger,Unload,2nd Lane,,17:25:20,Moderate (34 - 80 %),,,,
Vehicle,Go,2nd Lane,,,Moderate (34 - 80 %),,,,
Passenger,Load,2nd Lane,,17:25:39,Moderate (34 - 80 %),,,,
Vehicle,Go,2nd Lane,,,Moderate (34 - 80 %),,,,
Vehicle,Stop,2nd Lane,,17:26:53,Moderate (34 - 80 %),,,,
Vehicle,Go,2nd Lane,,,Moderate (34 - 80 %),,,,
Vehicle,1 Lane Left,1st Lane,,17:27:05,Moderate (34 - 80 %),,,,
Vehicle,Stop,1st Lane,,,Moderate (34 - 80 %),,,,car jam
Passenger,Unload,1st Lane,,,Moderate (34 - 80 %),,,,
Vehicle,Go,1st Lane,,17:28:07,Moderate (34 - 80 %),,,,
Vehicle,Stop,1st Lane,,17:28:40,Moderate (34 - 80 %),,,,
Vehicle,Go,2nd Lane,,17:30:08,Moderate (34 - 80 %),,,,
Vehicle,1 Lane Right,3rd Lane,,,Moderate (34 - 80 %),,,,
Passenger,Wait,3rd Lane,,17:30:51,Moderate (34 - 80 %),,,,
Vehicle,Go,3rd Lane,,17:30:53,Moderate (34 - 80 %),,,,
Vehicle,Stop,3rd Lane,,17:31:25,Moderate (34 - 80 %),,,,
Vehicle,Go,3rd Lane,,17:31:40,Moderate (34 - 80 %),,,,
Vehicle,1 Lane Right,4th Lane,,17:32:20,Moderate (34 - 80 %),,,,
Vehicle,Stop,4th Lane,,17:33:59,Moderate (34 - 80 %),,,,
Vehicle,Go,4th Lane,,17:34:43,Moderate (34 - 80 %),,,,
Vehicle,Stop,4th Lane,,17:35:11,Moderate (34 - 80 %),,,,
Vehicle,Go,4th Lane,,17:35:25,Moderate (34 - 80 %),,,,
Vehicle,2 Lane Left,2nd Lane,,17:35:26,Moderate (34 - 80 %),,,,
Vehicle,1 Lane Left,1st Lane,,17:37:00,Moderate (34 - 80 %),,,,
Vehicle,1 Lane Right,2nd Lane,,17:37:47,Moderate (34 - 80 %),,,,
Vehicle,Stop,2nd Lane,,17:39:39,Moderate (34 - 80 %),,,,
Vehicle,Go,2nd Lane,,17:40:40,Moderate (34 - 80 %),,,,
Vehicle,Stop,2nd Lane,,17:40:20,Moderate (34 - 80 %),,,,
Vehicle,Go,2nd Lane,,17:41:35,Moderate (34 - 80 %),,,,
Vehicle,Stop,2nd Lane,,17:42:11,Moderate (34 - 80 %),,,,
Vehicle,Go,2nd Lane,,17:44:35,Moderate (34 - 80 %),,,,
Vehicle,Stop,2nd Lane,,17:45:44,Moderate (34 - 80 %),,,,
Vehicle,Go,2nd Lane,,17:46:10,Moderate (34 - 80 %),,,,
Vehicle,1 Lane Left,1st Lane,,17:46:45,Moderate (34 - 80 %),,,,
Vehicle,1 Lane Right,2nd Lane,,17:46:50,Moderate (34 - 80 %),,,,
Vehicle,Stop,2nd Lane,,17:47:23,Moderate (34 - 80 %),,,,
Vehicle,Go,2nd Lane,,17:48:26,Moderate (34 - 80 %),,,,
Passenger,Stop,2nd Lane,,,Moderate (34 - 80 %),,,,
Passenger,Unload,2nd Lane,,17:50:48,Low (0 - 33 %),,,,
Vehicle,Go,2nd Lane,,,Low (0 - 33 %),,,,
Vehicle,Stop,2nd Lane,,,Low (0 - 33 %),,,,
Passenger,Unload,2nd Lane,,17:51:32,Low (0 - 33 %),,,,end of line
Vehicle,Wait,1st Lane,,17:52:18,Low (0 - 33 %),,,,
Vehicle,Go,1st Lane,,17:52:52,Low (0 - 33 %),,,,
Vehicle,Wait,1st Lane,,17:54:01,Low (0 - 33 %),,,,
Passenger,Load,1st Lane,,17:54:03,Low (0 - 33 %),,,,
Vehicle,Go,1st Lane,,17:54:13,Low (0 - 33 %),,,,
Vehicle,Stop,1st Lane,,17:56:33,Low (0 - 33 %),,,,
Vehicle,Go,1st Lane,,17:56:48,Low (0 - 33 %),,,,
Stoplight,Stop,1st Lane,,17:57:06,Low (0 - 33 %),,,,
Vehicle,Go,1st Lane,,17:58:22,Low (0 - 33 %),,,,
Vehicle,Stop,1st Lane,,17:58:46,Low (0 - 33 %),,,,
Vehicle,Go,1st Lane,,17:59:12,Low (0 - 33 %),,,,
Passenger,1 Lane Right,2nd Lane,,17:59:55,Low (0 - 33 %),,,,
Passenger,Stop,2nd Lane,,,Low (0 - 33 %),,,,
Passenger,Unload,2nd Lane,,18:00:07,Low (0 - 33 %),,,,
Passenger,Load,2nd Lane,,18:00:12,Low (0 - 33 %),,,,
Passenger,Wait,2nd Lane,,18:00:30,Low (0 - 33 %),,,,
Passenger,Load,2nd Lane,,18:00:53,Moderate (34 - 80 %),,,,
Vehicle,Go,2nd Lane,,,Moderate (34 - 80 %),,,,
Vehicle,1 Lane Left,1st Lane,,,Moderate (34 - 80 %),,,,
Vehicle,1 Lane Right,2nd Lane,,18:01:12,Moderate (34 - 80 %),,,,
Vehicle,Stop,2nd Lane,,18:02:41,Moderate (34 - 80 %),,,,
Vehicle,Go,2nd Lane,,18:02:45,Moderate (34 - 80 %),,,,
Stoplight,Stop,2nd Lane,,18:03:06,Moderate (34 - 80 %),,,,
Vehicle,Go,2nd Lane,,18:03:33,Moderate (34 - 80 %),,,,
Vehicle,Stop,2nd Lane,,18:04:33,Moderate (34 - 80 %),,,,
Vehicle,Go,2nd Lane,,,Moderate (34 - 80 %),,,,
Vehicle,2 Lane Right,4th Lane,,18:05:23,Moderate (34 - 80 %),,,,
Passenger,Stop,4th Lane,,,Moderate (34 - 80 %),,,,
Passenger,Load,4th Lane,,18:05:30,Moderate (34 - 80 %),,,,
Vehicle,Go,4th Lane,,,Moderate (34 - 80 %),,,,
Vehicle,Stop,4th Lane,,18:06:45,Moderate (34 - 80 %),,,,
Vehicle,Go,4th Lane,,18:07:07,Moderate (34 - 80 %),,,,
Passenger,Wait,4th Lane,,,Moderate (34 - 80 %),,,,
Passenger,Load,4th Lane,,18:07:54,Moderate (34 - 80 %),,,,
Vehicle,Go,4th Lane,,18:08:03,Moderate (34 - 80 %),,,,
Vehicle,1 Lane Left,3rd Lane,,18:08:37,Moderate (34 - 80 %),,,,
Vehicle,Stop,3rd Lane,,18:10:20,Moderate (34 - 80 %),,,,car jam
Vehicle,Go,1st Lane,,18:10:38,Moderate (34 - 80 %),,,,
Vehicle,Stop,1st Lane,,18:11:11,Moderate (34 - 80 %),,,,
Vehicle,Go,1st Lane,,18:11:35,Moderate (34 - 80 %),,,,
Vehicle,Stop,1st Lane,,18:11:49,Moderate (34 - 80 %),,,,
Vehicle,Go,1st Lane,,18:12:12,Moderate (34 - 80 %),,,,
Vehicle,Stop,1st Lane,,18:13:22,Moderate (34 - 80 %),,,,
Vehicle,1 Lane Right,2nd Lane,,,Moderate (34 - 80 %),,,,
Passenger,Stop,2nd Lane,,,Moderate (34 - 80 %),,,,
Passenger,Load,2nd Lane,,18:13:54,Full (81 - 100%),,,,
Vehicle,Go,2nd Lane,,18:14:00,Full (81 - 100%),,,,
Vehicle,1 Lane Left,1st Lane,,18:14:12,Full (81 - 100%),,,,
Vehicle,Stop,1st Lane,,18:14:59,Full (81 - 100%),,,,
Vehicle,Go,1st Lane,,18:15:02,Full (81 - 100%),,,,
Vehicle,1 Lane Right,2nd Lane,,,Full (81 - 100%),,,,
Passenger,Wait,2nd Lane,,,Full (81 - 100%),,,,
Passenger,Load,2nd Lane,,18:15:28,Full (81 - 100%),,,,
Vehicle,Go,2nd Lane,,18:15:31,Full (81 - 100%),,,,
Vehicle,Stop,2nd Lane,,18:15:37,Full (81 - 100%),,,,
Vehicle,Go,2nd Lane,,18:16:59,Full (81 - 100%),,,,
Passenger,Stop,2nd Lane,,,Full (81 - 100%),,,,
Passenger,Unload,2nd Lane,,18:17:26,Full (81 - 100%),,,,
Passenger,Load,2nd Lane,,,Full (81 - 100%),,,,
Vehicle,Go,2nd Lane,,18:17:43,Full (81 - 100%),,,,
Passenger,Stop,2nd Lane,,,Full (81 - 100%),,,,
Passenger,Load,2nd Lane,,,Full (81 - 100%),,,,
Vehicle,Go,2nd Lane,,18:18:16,Full (81 - 100%),,,,
Vehicle,Stop,2nd Lane,,18:18:28,Full (81 - 100%),,,,
Vehicle,Go,2nd Lane,,18:18:41,Full (81 - 100%),,,,
Passenger,Stop,2nd Lane,,,Full (81 - 100%),,,,
Passenger,Unload,2nd Lane,,18:19:41,Full (81 - 100%),,,,
Vehicle,Go,2nd Lane,,18:19:44,Full (81 - 100%),,,,
Passenger,Stop,2nd Lane,,,Full (81 - 100%),,,,
Passenger,Load,2nd Lane,,18:20:02,Full (81 - 100%),,,,
Vehicle,Go,2nd Lane,,18:20:12,Full (81 - 100%),,,,
Vehicle,1 Lane Left,1st Lane,,18:20:21,Full (81 - 100%),,,,
Vehicle,1 Lane Right,2nd Lane,,18:20:31,Full (81 - 100%),,,,
Stoplight,Stop,2nd Lane,,18:24:51,Full (81 - 100%),,,,
Vehicle,Go,2nd Lane,,18:26:03,Full (81 - 100%),,,,
Passenger,Stop,2nd Lane,,,Full (81 - 100%),,,,
Passenger,Unload,2nd Lane,,18:26:05,Full (81 - 100%),,,,
Vehicle,Go,2nd Lane,,18:26:07,Full (81 - 100%),,,,
Passenger,Stop,2nd Lane,,,Full (81 - 100%),,,,
Passenger,Load,2nd Lane,,18:26:33,Full (81 - 100%),,,,
Vehicle,Go,2nd Lane,,18:26:39,Full (81 - 100%),,,,
Passenger,Stop,2nd Lane,,,Full (81 - 100%),,,,
Passenger,Unload,2nd Lane,,18:27:10,Moderate (34 - 80 %),,,,
Vehicle,Go,2nd Lane,,18:27:22,Moderate (34 - 80 %),,,,
Passenger,Stop,2nd Lane,,,Moderate (34 - 80 %),,,,
Passenger,Unload,2nd Lane,,18:28:11,Moderate (34 - 80 %),,,,
Vehicle,Go,2nd Lane,,18:28:19,Moderate (34 - 80 %),,,,
Vehicle,Stop,2nd Lane,,18:28:44,Moderate (34 - 80 %),,,,
Vehicle,Go,2nd Lane,,,Moderate (34 - 80 %),,,,
Stoplight,Stop,2nd Lane,,18:33:52,Moderate (34 - 80 %),,,,
Vehicle,Go,2nd Lane,,18:35:02,Moderate (34 - 80 %),,,,
Vehicle,Stop,2nd Lane,,18:36:51,Moderate (34 - 80 %),,,,
Vehicle,Go,2nd Lane,,18:37:10,Moderate (34 - 80 %),,,,
Vehicle,Stop,2nd Lane,,18:37:43,Moderate (34 - 80 %),,,,
Passenger,Load,2nd Lane,,18:38:35,Moderate (34 - 80 %),,,,
Vehicle,Go,2nd Lane,,18:38:48,Moderate (34 - 80 %),,,,
Vehicle,1 Lane Left,1st Lane,,18:38:59,Moderate (34 - 80 %),,,,
Vehicle,1 Lane Right,2nd Lane,,18:39:24,Moderate (34 - 80 %),,,,
Passenger,Stop,2nd Lane,,,Moderate (34 - 80 %),,,,
Passenger,Unload,2nd Lane,,,Low (0 - 33 %),,,,
Vehicle,Go,1st Lane,,18:39:36,Low (0 - 33 %),,,,
Passenger,Stop,1st Lane,,,Low (0 - 33 %),,,,
Passenger,Unload,1st Lane,,18:42:20,Low (0 - 33 %),,,,
Vehicle,Go,1st Lane,,,Low (0 - 33 %),,,,
Vehicle,Stop,1st Lane,,,Low (0 - 33 %),,,,
Passenger,Unload,1st Lane,,18:49:00,Low (0 - 33 %),,,,end of the line j posadas
